,genre,title,price,stock,upc
0,Poetry,A Light in the Attic,51.77,22,a897fe39b1053632
1,Historical Fiction,Tipping the Velvet,53.74,20,90fa61229261140a
2,Fiction,Soumission,50.10,20,6957f44c3847a760
3,Mystery,Sharp Objects,47.82,20,e00eb4fd7b871a48
4,History,Sapiens: A Brief History of Humankind,54.23,20,4165285e1663650f
5,Young Adult,The Requiem Red,22.65,19,f77dbf2323deb740
6,Business,The Dirty Little Secrets of Getting Your Dream Job,33.34,19,2597b5a345f45e1b
7,Default,"The Coming Woman: A Novel Based on the Life of the Infamous Feminist, Victoria Woodhull",17.93,19,e72a5dfc7e9267b2
8,Default,The Boys in the Boat: Nine Americans and Their Epic Quest for Gold at the 1936 Berlin Olympics,22.60,19,e10e1e165dc8be4a
9,Poetry,The Black Maria,52.15,19,1dfe412b8ac00530
10,Default,"Starving Hearts (Triangular Trade Trilogy, #1)",13.99,19,0312262ecafa5a40
11,Poetry,Shakespeare's Sonnets,20.66,19,30a7f60cd76ca58c
12,Young Adult,Set Me Free,17.46,19,ce6396b0f23f6ecc
13,Sequential Art,Scott Pilgrim's Precious Little Life (Scott Pilgrim #1),52.29,19,3b1c02bac2a429e6
14,Music,Rip it Up and Start Again,35.02,19,a34ba96d4081e6a4
15,Music,"Our Band Could Be Your Life: Scenes from the American Indie Underground, 1981-1991",57.25,19,deda3e61b9514b83
16,Poetry,Olio,23.88,19,feb7cc7701ecf901
17,Science Fiction,Mesaerion: The Best Science Fiction Stories 1800-1849,37.59,19,e30f54cea9b38190
18,Politics,Libertarianism for Beginners,51.33,19,a18a4f574854aced
19,Travel,It's Only the Himalayas,45.17,19,a22124811bfa8350
20,Thriller,In Her Wake,12.84,19,23356462d1320d61
21,Music,How Music Works,37.32,19,327f68a59745c102
22,Food and Drink,"Foolproof Preserving: A Guide to Small Batch Jams, Jellies, Pickles, Condiments, and More: A Foolproof Guide to Making Small Batch Jams, Jellies, Pickles, Condiments, and More",30.52,19,5674a18a29a43ced
23,Romance,Chase Me (Paris Nights #2),25.27,19,c2e46a2ee3b4a322
24,Romance,Black Dust,34.53,19,00bfed9e18bb36f3
25,Childrens,Birdsong: A Story in Pictures,54.64,19,9528d0948525bf5f
26,Default,America's Cradle of Quarterbacks: Western Pennsylvania's Football Factory from Johnny Unitas to Joe Montana,22.50,19,c7d160c2c0de586f
27,Default,Aladdin and His Wonderful Lamp,53.13,19,904208d6aa64b655
28,Nonfiction,Worlds Elsewhere: Journeys Around Shakespeare’s Globe,40.30,18,4c28def39d850cdf
29,Art,Wall and Piece,44.18,18,ccd9ffa25efabdea
30,Spirituality,The Four Agreements: A Practical Guide to Personal Freedom,17.66,18,6258a1f6a6dcfe50
31,Nonfiction,The Five Love Languages: How to Express Heartfelt Commitment to Your Mate,31.05,18,3c039985229453bf
32,Thriller,The Elephant Tree,23.82,18,5dada2b7be26bd03
33,Childrens,The Bear and the Piano,36.89,18,9f6568e9c95f60b0
34,Philosophy,Sophie's World,15.94,18,6be3beb0793a53e7
35,Default,Penny Maybe,33.29,18,668fe56b17cfcd4f
36,Default,Maude (1883-1993):She Grew Up with the country,18.02,18,094b269567e1c300
37,Mystery,"In a Dark, Dark Wood",19.63,18,19ed25f4641d5efd
38,Thriller,Behind Closed Doors,52.22,18,be5cc846f45496fb
39,Poetry,You can't bury them all: Poems,33.63,17,55f9da0c5eea2e10
40,Poetry,Slow States of Collapse: Poems,57.31,17,b4fd5943413e089a
41,Nonfiction,Reasons to Stay Alive,26.41,17,c8f7f0cb1abb9cac
42,Fiction,Private Paris (Private #10),47.61,17,b12b89017878a60d
43,Nonfiction,#HigherSelfie: Wake Up Your Life. Free Your Soul. Find Your Tribe.,23.11,17,c27f6e1f185b0383
44,New Adult,Without Borders (Wanderlove #1),45.07,16,acddfeab2a407640
45,Contemporary,When We Collided,31.77,16,3ecb690d1542c568
46,Fiction,"We Love You, Charlie Freeman",50.27,16,8d455c7539795d2a
47,Poetry,Untitled Collection: Sabbath Poems 2014,14.27,16,657fe5ead67a7767
48,Nonfiction,"Unseen City: The Majesty of Pigeons, the Discreet Charm of Snails & Other Wonders of the Urban Wilderness",44.18,16,d170b5a0da46380e
49,Fantasy,Unicorn Tracks,18.78,16,7ae099f3898e0209
50,History,"Unbound: How Eight Technologies Made Us Human, Transformed Society, and Brought Our World to the Brink",25.52,16,9a9d6e9bc555731e
51,Sequential Art,Tsubasa: WoRLD CHRoNiCLE 2 (Tsubasa WoRLD CHRoNiCLE #2),16.28,16,09555be379ad9253
52,Nonfiction,Throwing Rocks at the Google Bus: How Growth Became the Enemy of Prosperity,31.12,16,7858914fad68493c
53,Sequential Art,This One Summer,19.49,16,51653ef291ab7ddc
54,Fiction,Thirst,17.27,16,709822d0b5bcb7f4
55,Add a comment,The Torch Is Passed: A Harding Family Story,19.09,16,4eed62cf5f8d8edf
56,Childrens,The Secret of Dreadwillow Carse,56.13,16,b5ea0b5dabed25a8
57,Food and Drink,"The Pioneer Woman Cooks: Dinnertime: Comfort Classics, Freezer Food, 16-Minute Meals, and Other Delicious Ways to Solve Supper!",56.41,16,142d767a56a9254d
58,Mystery,The Past Never Ends,56.50,16,5ee94540d0749ea0
59,Young Adult,The Natural History of Us (The Fine Art of Pretending #2),45.22,16,cedf82b5086e4691
60,Sequential Art,The Nameless City (The Nameless City #1),38.16,16,7d385d34d12e60ff
61,Fiction,The Murder That Never Was (Forensic Instincts #5),54.11,16,d01ac97e2b8947c2
62,Science,The Most Perfect Thing: Inside (and Outside) a Bird's Egg,42.96,16,aadee1c326d286e3
63,Add a comment,"The Mindfulness and Acceptance Workbook for Anxiety: A Guide to Breaking Free from Anxiety, Phobias, and Worry Using Acceptance and Commitment Therapy",23.89,16,31075275518532d7
64,Nonfiction,The Life-Changing Magic of Tidying Up: The Japanese Art of Decluttering and Organizing,16.77,16,0da9aa9d24677fc0
65,Default,"The Inefficiency Assassin: Time Management Tactics for Working Smarter, Not Longer",20.59,16,8c9e6bf2467d740d
66,Nonfiction,The Gutsy Girl: Escapades for Your Life of Epic Adventure,37.13,16,acd86a5426e21ca0
67,Nonfiction,The Electric Pencil: Drawings from Inside State Hospital No. 3,56.06,16,a30b270e25489e5c
68,Philosophy,The Death of Humanity: and the Case for Life,58.11,16,bd261725b99f5983
69,Health,"The Bulletproof Diet: Lose up to a Pound a Day, Reclaim Energy and Focus, Upgrade Your Life",49.05,16,43c6a960757cf559
70,Add a comment,The Art Forger,40.76,16,80cfab6bcff3a244
71,History,The Age of Genius: The Seventeenth Century and the Birth of the Modern Mind,19.73,16,a3d2a4250807f1e9
72,Spirituality,The Activist's Tao Te Ching: Ancient Advice for a Modern Revolution,32.24,16,7d6d2a6c0276f81b
73,Nonfiction,Spark Joy: An Illustrated Master Class on the Art of Organizing and Tidying Up,41.83,16,87b0615b6e1f4d7b
74,Default,Soul Reader,39.58,16,e6af5bf1163c1151
75,Horror,Security,39.25,16,6f78a0d744c35456
76,Fantasy,"Saga, Volume 6 (Saga (Collected Editions) #6)",25.02,16,c849f0b2f5d6a742
77,Sequential Art,"Saga, Volume 5 (Saga (Collected Editions) #5)",51.04,16,53a3d11bb568cc8b
78,Nonfiction,Reskilling America: Learning to Labor in the Twenty-First Century,19.83,16,d7310206583a54b6
79,Sequential Art,"Rat Queens, Vol. 3: Demons (Rat Queens (Collected Editions) #11-15)",50.40,16,c82a3e358c773c73
80,Sequential Art,"Princess Jellyfish 2-in-1 Omnibus, Vol. 01 (Princess Jellyfish 2-in-1 Omnibus #1)",13.61,16,0fa6dceead7ce47a
81,Fantasy,Princess Between Worlds (Wide-Awake Princess #5),13.34,16,0e691eda369f4e09
82,Sequential Art,"Pop Gun War, Volume 1: Gift",18.97,16,e80f8e518b300dfe
83,History,"Political Suicide: Missteps, Peccadilloes, Bad Calls, Backroom Hijinx, Sordid Pasts, Rotten Breaks, and Just Plain Dumb Mistakes in the Annals of American Politics",36.28,16,7392c0032f92d816
84,Sequential Art,Patience,10.16,16,9429b4d59c537af5
85,Sequential Art,"Outcast, Vol. 1: A Darkness Surrounds Him (Outcast #1)",15.44,16,889139b8e9c4cb36
86,Sequential Art,orange: The Complete Collection 1 (orange: The Complete Collection #1),48.41,16,11809b1d323b3057
87,Self Help,Online Marketing for Busy Authors: A Step-By-Step Guide,46.35,16,9ffa38d3b832433a
88,Add a comment,On a Midnight Clear,14.07,16,b757c0c361e689ce
89,Young Adult,Obsidian (Lux #1),14.86,16,3c346ab1e76ae1f6
90,Food and Drink,My Paris Kitchen: Recipes and Stories,33.37,16,784bc2279baa878d
91,Fantasy,Masks and Shadows,56.40,16,fa9610a50a1bf149
92,Food and Drink,"Mama Tried: Traditional Italian Cooking for the Screwed, Crude, Vegan, and Tattooed",14.02,16,72f9d5be3472d34e
93,Sequential Art,"Lumberjanes, Vol. 2: Friendship to the Max (Lumberjanes #5-8)",46.91,16,460089f796fb3f82
94,Sequential Art,"Lumberjanes, Vol. 1: Beware the Kitten Holy (Lumberjanes #1-4)",45.61,16,b6ee99bcf06fc91f
95,Sequential Art,Lumberjanes Vol. 3: A Terrible Plan (Lumberjanes #9-12),19.92,16,57e5a4d515c8ce44
96,Food and Drink,"Layered: Baking, Building, and Styling Spectacular Cakes",40.11,16,7b75cc7f223791f4
97,Add a comment,Judo: Seven Steps to Black Belt (an Introductory Guide for Beginners),53.90,16,228f74b74f3a08ae
98,Science Fiction,Join,35.67,16,18ad3ed896c7ce05
99,Nonfiction,In the Country We Love: My Family Divided,22.00,16,b136b1b180ca753a
100,Science,Immunity: How Elie Metchnikoff Changed the Course of Modern Medicine,57.36,16,e4f74c16de34d440
101,Sequential Art,"I Hate Fairyland, Vol. 1: Madly Ever After (I Hate Fairyland (Compilations) #1-5)",29.17,16,8d4eefad7a2b3915
102,Sequential Art,I am a Hero Omnibus Volume 1,54.63,16,1c89ae5bb804e4de
103,Self Help,How to Be Miserable: 40 Strategies You Already Use,46.03,16,a6f99b9e687f9d46
104,Romance,Her Backup Boyfriend (The Sorensen Family #1),33.97,16,2a97cffe61c3c4c7
105,Sequential Art,"Giant Days, Vol. 2 (Giant Days #5-8)",22.11,16,f2df3bb043a8abb0
106,Historical Fiction,Forever and Forever: The Courtship of Henry Longfellow and Fanny Appleton,29.69,16,9beb96a2300109d7
107,Romance,First and First (Five Boroughs #3),15.97,16,9e28048cea8d41f7
108,Romance,Fifty Shades Darker (Fifty Shades #2),21.96,16,7add3f8e49ec0826
109,Nonfiction,Everydata: The Misinformation Hidden in the Little Data You Consume Every Day,54.35,16,311c0dd0e354a33e
110,Religion,"Don't Be a Jerk: And Other Practical Advice from Dogen, Japan's Greatest Zen Master",37.97,16,fce19f9b4a943f22
111,Sequential Art,Danganronpa Volume 1,51.99,16,09b6cc87e62c2c58
112,Fantasy,Crown of Midnight (Throne of Glass #2),43.29,16,7267864328ae8b9d
113,Sequential Art,"Codename Baboushka, Volume 1: The Conclave of Death",36.72,16,8754c83ab2a7ae71
114,Sequential Art,Camp Midnight,17.08,16,7b599c8bfcdd8d30
115,Nonfiction,Call the Nurse: True Stories of a Country Nurse on a Scottish Isle,29.14,16,bee3672891cca906
116,Young Adult,Burning,28.81,16,5ceb951f629700a2
117,Default,Bossypants,49.46,16,74baabfc8fd84b38
118,Sequential Art,"Bitch Planet, Vol. 1: Extraordinary Machine (Bitch Planet (Collected Editions))",37.92,16,bdf415fd484ea8a7
119,Fantasy,"Avatar: The Last Airbender: Smoke and Shadow, Part 3 (Smoke and Shadow #3)",28.09,16,6d5300b2d8f37e07
120,Nonfiction,Algorithms to Live By: The Computer Science of Human Decisions,30.81,16,38d45839cb1c83c1
121,Default,A World of Flavor: Your Gluten Free Passport,42.95,16,70ed59f194b3c556
122,Default,"A Piece of Sky, a Grain of Rice: A Memoir in Four Meditations",56.76,16,8a380641491d43ed
123,Mystery,A Murder in Time,16.64,16,f733e8c19d40ec2e
124,Historical Fiction,A Flight of Arrows (The Pathfinders #2),55.53,16,3a6fb983e2554023
125,Young Adult,A Fierce and Subtle Poison,28.13,16,842790dfaa937484
126,Fantasy,A Court of Thorns and Roses (A Court of Thorns and Roses #1),52.37,16,01d2001ac1e6f8a3
127,Christian,(Un)Qualified: How God Uses Broken People to Do Big Things,54.00,16,e4ac92d89b946781
128,Religion,You Are What You Love: The Spiritual Power of Habit,21.87,15,796c87ddbbaaf8c5
129,Science Fiction,"William Shakespeare's Star Wars: Verily, A New Hope (William Shakespeare's Star Wars #4)",43.30,15,9270575728a13a61
130,Fiction,Tuesday Nights in 1980,21.04,15,b8736690cf263a3c
131,Default,Tracing Numbers on a Train,41.60,15,d7d6d50c1e3d0b81
132,Fantasy,Throne of Glass (Throne of Glass #1),35.07,15,590a9cccf7db9f7d
133,History,Thomas Jefferson and the Tripoli Pirates: The Forgotten War That Changed American History,59.64,15,de3f25248ba0789f
134,Default,Thirteen Reasons Why,52.72,15,bc2a85fd35fdc7bd
135,Childrens,The White Cat and the Monk: A Retelling of the Poem “Pangur Bán”,58.08,15,37c0cb19713d8dda
136,Romance,The Wedding Dress,24.12,15,623e1a180426039b
137,Fiction,The Vacationers,42.15,15,fd3a622648667296
138,Business,The Third Wave: An Entrepreneur’s Vision of the Future,12.61,15,3bebf34ee9330cbd
139,Philosophy,The Stranger,17.44,15,f5a92cff83897d48
140,Sequential Art,The Shadow Hero (The Shadow Hero),33.14,15,d6361d16212664ed
141,Default,The Secret (The Secret #1),27.37,15,961f18db4f138211
142,Fiction,The Regional Office Is Under Attack!,51.36,15,0651062381f0636a
143,Default,The Psychopath Test: A Journey Through the Madness Industry,36.00,15,e98a4efa85070c2f
144,Science Fiction,The Project,10.65,15,790ef197c8f236f5
145,Nonfiction,The Power of Now: A Guide to Spiritual Enlightenment,43.54,15,8ec14b1576cb7cb5
146,Nonfiction,The Omnivore's Dilemma: A Natural History of Four Meals,38.21,15,209adad1015af86f
147,Food and Drink,The Nerdy Nummies Cookbook: Sweet Treats for the Geek in All of Us,37.34,15,e4c7f3487d17fd42
148,Mystery,The Murder of Roger Ackroyd (Hercule Poirot #4),44.10,15,c7b5183f4d1d4efe
149,New Adult,The Mistake (Off-Campus #2),43.29,15,99ff4cc6491e8f5c
150,New Adult,The Matchmaker's Playbook (Wingmen Inc. #1),55.85,15,08db62f24627e71f
151,Food and Drink,The Love and Lemons Cookbook: An Apple-to-Zucchini Celebration of Impromptu Cooking,37.60,15,e28e330cbdf01126
152,Crime,The Long Shadow of Small Ghosts: Murder and Memory in an American City,10.97,15,abeafe151a587d3b
153,Default,The Kite Runner,41.82,15,eac1a180047ad54e
154,Historical Fiction,The House by the Lake,36.95,15,9287e238d7c3b06e
155,Fantasy,The Glittering Court (The Glittering Court #1),44.28,15,2dbb7ec08cdd7f3c
156,Default,The Girl on the Train,55.02,15,e956d67c9bcc5809
157,Nonfiction,The Genius of Birds,17.24,15,42d0d7c92b75fc1c
158,Default,The Emerald Mystery,23.15,15,d6670dfe3e7b42bd
159,Food and Drink,The Cookies & Cups Cookbook: 125+ sweet & savory recipes reminding you to Always Eat Dessert First,41.25,15,96a38e7c813d8f1d
160,Default,The Bridge to Consciousness: I'm Writing the Bridge Between Science and Our Old and New Beliefs.,32.00,15,efc3768127714ec3
161,Nonfiction,The Artist's Way: A Spiritual Path to Higher Creativity,38.49,15,dd047728de72ad62
162,Default,The Art of War,33.34,15,e7469e22b5bfb3e7
163,Autobiography,The Argonauts,10.93,15,c99761a700ade23f
164,Business,The 10% Entrepreneur: Live Your Startup Dream Without Quitting Your Day Job,27.55,15,56e4f9eab2e8e674
165,Romance,Suddenly in Love (Lake Haven #1),55.99,15,203b7f94b7d6115f
166,Romance,Something More Than This,16.24,15,ca71e72655bece85
167,Science Fiction,Soft Apocalypse,26.12,15,2a70769cdc6eb8b8
168,Nonfiction,So You've Been Publicly Shamed,12.23,15,1b33663ad7b95fd8
169,Business,Shoe Dog: A Memoir by the Creator of NIKE,23.99,15,0e0dcc3339602b28
170,Add a comment,"Shobu Samurai, Project Aryoku (#3)",29.06,15,0c27e6c3744fc14b
171,Default,Secrets and Lace (Fatal Hearts #1),20.27,15,ad04ad9fc179fc5d
172,Young Adult,Scarlett Epstein Hates It Here,43.55,15,1c929cfd16b71907
173,Default,Romero and Juliet: A Tragic Tale of Love and Zombies,36.94,15,e656e280bc8edd56
174,Christian Fiction,Redeeming Love,20.47,15,b53db2271c9624f7
175,Default,Poses for Artists Volume 1 - Dynamic and Sitting Poses: An Essential Reference for Figure Drawing and the Human Form,41.06,15,d9c643fa1fc57bdb
176,Poetry,Poems That Make Grown Women Cry,14.19,15,31001a1210623bd4
177,Young Adult,"Nightingale, Sing",38.28,15,50b8f80311b31ede
178,Poetry,Night Sky with Exit Wounds,41.05,15,cfeb1e1e0e695b58
179,Historical Fiction,Mrs. Houdini,30.25,15,a40723994f715420
180,Add a comment,Modern Romance,28.26,15,caf4fe9311f1dc59
181,Default,Miss Peregrine’s Home for Peculiar Children (Miss Peregrine’s Peculiar Children #1),10.76,15,af96613fdd793a3c
182,Biography,Louisa: The Extraordinary Life of Mrs. Adams,16.85,15,d69dd8dac66f9f84
183,Childrens,Little Red,13.47,15,4aa03792b50f0b22
184,Young Adult,Library of Souls (Miss Peregrine’s Peculiar Children #3),48.56,15,ba54932df84e8cea
185,Default,Large Print Heart of the Pride,19.15,15,c1afd71fc86bf682
186,Womens Fiction,I Had a Nice Time And Other Lies...: How to find love & sh*t like that,57.36,15,fd8585283fc7d2d7
187,Fantasy,Hollow City (Miss Peregrine’s Peculiar Children #2),42.98,15,4ce91d31c1e57c33
188,Default,Grumbles,22.16,15,d163dd6c352fbcd2
189,Travel,Full Moon over Noah’s Ark: An Odyssey to Mount Ararat and Beyond,49.43,15,ce60436f52c5ee68
190,Young Adult,Frostbite (Vampire Academy #2),29.99,15,116a2fdc9a45bab0
191,Horror,Follow You Home,21.36,15,8585760646e3aa2a
192,Default,First Steps for New Christians (Print Edition),29.00,15,2f88b08bf0a0e367
193,Fiction,Finders Keepers (Bill Hodges Trilogy #2),53.53,15,edb3097e71330040
194,Sequential Art,"Fables, Vol. 1: Legends in Exile (Fables #1)",41.62,15,65d034adf80834b7
195,Default,Eureka Trivia 6.0,54.59,15,29c0025455f8c585
196,Default,Drive: The Surprising Truth About What Motivates Us,34.95,15,6ffb36aaeff1c81e
197,Default,Done Rubbed Out (Reightman & Bailey #1),37.72,15,f6d967cdadc6fbd9
198,Romance,Doing It Over (Most Likely To #1),35.61,15,3a11bb962ff45b78
199,Food and Drink,"Deliciously Ella Every Day: Quick and Easy Recipes for Gluten-Free Snacks, Packed Lunches, and Simple Meals",42.16,15,46c1530d7546ea6d
200,Erotica,Dark Notes,19.19,15,88c21fcd38e2486e
201,Nonfiction,"Daring Greatly: How the Courage to Be Vulnerable Transforms the Way We Live, Love, Parent, and Lead",19.43,15,3b9a3b4624b7fd6d
202,Christian Fiction,Close to You,49.46,15,a57b1dcbd6849222
203,Spirituality,Chasing Heaven: What Dying Taught Me About Living,37.80,15,513271dadc1322ae
204,Nonfiction,Big Magic: Creative Living Beyond Fear,30.80,15,1f329c2e7d7de8bd
205,Nonfiction,Becoming Wise: An Inquiry into the Mystery and Art of Living,27.43,15,919e7cb2269a25d2
206,Default,Beauty Restored (Riley Family Legacy Novellas #3),11.11,15,3f69e667a67e54d9
207,Sequential Art,Batman: The Long Halloween (Batman),36.50,15,7edc0527cf782e19
208,Sequential Art,Batman: The Dark Knight Returns (Batman),15.38,15,47271d8e08b5d31c
209,Default,Ayumi's Violin,15.48,15,05f7c6d9a4e582d3
210,Default,Anonymous,46.82,15,d24b829be2ca81c4
211,Default,Amy Meets the Saints and Sages,18.46,15,7ebfa6c1bee69e1e
212,Cultural,Amid the Chaos,36.58,15,bb8245f52c7cce8f
213,Default,Amatus,50.54,15,ffd54178acc9a6a5
214,Nonfiction,Agnostic: A Spirited Manifesto,12.51,15,d195e7f4ed697350
215,History,Zealot: The Life and Times of Jesus of Nazareth,24.70,14,dd5bfa6cc2c0ecc3
216,Thriller,You (You #1),43.61,14,024387ca4cafd5cc
217,Sequential Art,"Wonder Woman: Earth One, Volume One (Wonder Woman: Earth One #1)",37.34,14,047097293bb4d1c0
218,Young Adult,Wild Swans,14.36,14,3fb15ace50d6142b
219,Politics,Why the Right Went Wrong: Conservatism--From Goldwater to the Tea Party and Beyond,52.65,14,2b5054a4192e9b06
220,Nonfiction,Whole Lotta Creativity Going On: 60 Fun and Unusual Exercises to Awaken and Strengthen Your Creativity,38.20,14,44a10f1ac8ce822e
221,Nonfiction,What's It Like in Space?: Stories from Astronauts Who've Been There,19.60,14,6fd646a334e6e133
222,Sequential Art,"We Are Robin, Vol. 1: The Vigilante Business (We Are Robin #1)",53.90,14,92275cedf6d8ee15
223,Childrens,Walt Disney's Alice in Wonderland,12.96,14,6a31307a81e8f3a8
224,Default,V for Vendetta (V for Vendetta Complete),37.10,14,4a1debca3135ff37
225,Young Adult,Until Friday Night (The Field Party #1),46.31,14,aba2db9afb1469c7
226,Default,"Unbroken: A World War II Story of Survival, Resilience, and Redemption",45.95,14,76c84daa539426e2
227,Childrens,Twenty Yawns,22.08,14,1d6443ffba9dfd80
228,Sequential Art,Through the Woods,25.38,14,6e44bcbeac7f4360
229,Young Adult,This Is Where It Ends,27.12,14,f0f38174a7e689a3
230,Nonfiction,The Year of Magical Thinking,43.04,14,34c0d7c4ee5650af
231,Default,The Wright Brothers,56.80,14,08b2f71d93836313
232,Add a comment,The White Queen (The Cousins' War #1),25.91,14,6875c5657661b2fb
233,Romance,The Wedding Pact (The O'Malleys #2),32.61,14,c5cb9f885d8b3621
234,Fiction,The Time Keeper,27.88,14,e9906e2f0d189745
235,Fiction,The Testament of Mary,52.67,14,081305e6df719dff
236,Fantasy,The Star-Touched Queen,46.02,14,1528279aec1f3dce
237,Default,The Songs of the Gods,44.48,14,00c4543ec6bd25b4
238,Add a comment,The Song of Achilles,37.40,14,e88fb1c9397cfb27
239,Default,The Rosie Project (Don Tillman #1),54.04,14,012094e90a4b908d
240,Default,The Power of Habit: Why We Do What We Do in Life and Business,16.88,14,6bdd909329435e80
241,Historical Fiction,The Marriage of Opposites,28.08,14,52cf2a5933ec5d8f
242,Psychology,The Lucifer Effect: Understanding How Good People Turn Evil,10.40,14,4e812d32d64e2431
243,Humor,The Long Haul (Diary of a Wimpy Kid #9),44.07,14,f21effc079a2b38a
244,Horror,The Loney,23.40,14,2d88a31f325dfd3b
245,Nonfiction,The Literature Book (Big Ideas Simply Explained),17.43,14,4881cc53f6c8892f
246,Mystery,The Last Mile (Amos Decker #2),54.21,14,3bc89353f7e3a3cc
247,Add a comment,The Immortal Life of Henrietta Lacks,40.67,14,f72f61ad6a5f12ed
248,Fantasy,The Hidden Oracle (The Trials of Apollo #1),52.26,14,992974ba6a0536ea
249,Food and Drink,The Help Yourself Cookbook for Kids: 60 Easy Plant-Based Recipes Kids Can Make to Stay Healthy and Save the Earth,28.77,14,ddc8340dabc8641b
250,Thriller,The Guilty (Will Robie #4),13.82,14,847935fc68707426
251,Fiction,The First Hostage (J.B. Collins #2),25.85,14,a86972014275e072
252,Add a comment,The Dovekeepers,48.78,14,3d76bc83c6b644c9
253,Young Adult,The Darkest Lie,35.35,14,6edacfd1f8ebb9eb
254,Fantasy,The Bane Chronicles (The Bane Chronicles #1-11),44.73,14,dc6f688b82e42a5b
255,Nonfiction,The Bad-Ass Librarians of Timbuktu: And Their Race to Save the World’s Most Precious Manuscripts,15.77,14,923831a05c9f91f7
256,Thriller,The 14th Colony (Cotton Malone #11),39.24,14,1b8187fa4bf6ab05
257,Mystery,That Darkness (Gardiner and Renner #1),13.92,14,0c7b9cf2b7662b65
258,Mystery,Tastes Like Fear (DI Marnie Rome #3),10.69,14,2d1e337aaf341858
259,Fiction,Take Me with You,45.21,14,2c04320e110a14a3
260,Nonfiction,Swell: A Year of Waves,45.58,14,4c8b7540409da4ac
261,Sequential Art,Superman Vol. 1: Before Truth (Superman by Gene Luen Yang #1),11.89,14,ac8e3949d284e9a9
262,Fiction,Still Life with Bread Crumbs,26.41,14,fe44cc816576c652
263,Default,Steve Jobs,39.50,14,95019eac1c0a052f
264,Science,Sorting the Beef from the Bull: The Science of Food Fraud Forensics,44.74,14,3edcccc4f341fb1a
265,Contemporary,Someone Like You (The Harrisons #2),52.79,14,a278db6b2b09cf9f
266,Sequential Art,"So Cute It Hurts!!, Vol. 6 (So Cute It Hurts!! #6)",35.43,14,394f6d30cafc3edb
267,Fiction,Shtum,55.84,14,830fb3967c74866d
268,Travel,See America: A Celebration of Our National Parks & Treasured Sites,48.87,14,f9705c362f070608
269,Poetry,salt.,46.78,14,86cbddb61ea78bb7
270,Sequential Art,Robin War,47.82,14,85b2176b3b194030
271,Sequential Art,"Red Hood/Arsenal, Vol. 1: Open for Business (Red Hood/Arsenal #1)",25.48,14,31e2e2d9cca3778f
272,Childrens,Rain Fish,23.57,14,a6454e329f872b78
273,Poetry,"Quarter Life Poetry: Poems for the Young, Broke and Hangry",50.89,14,aa35446aab16017f
274,Horror,Pet Sematary,10.56,14,af58a74e4b2a23a0
275,Self Help,"Overload: How to Unplug, Unwind, and Unleash Yourself from the Pressure of Stress",52.15,14,8ecf0356a3878811
276,Childrens,Once Was a Time,18.28,14,e34efcc824685332
277,Humor,Old School (Diary of a Wimpy Kid #10),11.83,14,02b74068fa98d8a4
278,Nonfiction,No Dream Is Too High: Life Lessons From a Man Who Walked on the Moon,21.95,14,132ec5e8c984adef
279,Sequential Art,"Naruto (3-in-1 Edition), Vol. 14: Includes Vols. 40, 41 & 42 (Naruto: Omnibus #14)",38.39,14,71e36f33981ddb74
280,Fiction,My Name Is Lucy Barton,41.56,14,727bf2b86b19ad88
281,Fiction,My Mrs. Brown,24.48,14,cc82685d9f49bc2c
282,Young Adult,My Kind of Crazy,40.36,14,137b0b2775701e11
283,Fiction,Mr. Mercedes (Bill Hodges Trilogy #1),28.90,14,caa2e5b3fb1b2d4c
284,Add a comment,More Than Music (Chasing the Dream #1),37.61,14,47d47155e89c8be7
285,Business,Made to Stick: Why Some Ideas Survive and Others Die,38.85,14,b96fc7a0ea7d4b45
286,Childrens,Luis Paints the World,53.95,14,5b43cae640f2338a
287,Default,Luckiest Girl Alive,49.83,14,d512871626a5e588
288,Sequential Art,Lowriders to the Center of the Earth (Lowriders in Space #2),51.51,14,a10c7515834240f3
289,Music,Love Is a Mix Tape (Music #1),18.03,14,adb5f51c2e2ab13f
290,Nonfiction,Looking for Lovely: Collecting the Moments that Matter,29.14,14,24af96df0bafb925
291,Default,"Living Leadership by Insight: A Good Leader Achieves, a Great Leader Builds Monuments",46.91,14,17fb5a88180f9904
292,Nonfiction,Let It Out: A Journey Through Journaling,26.79,14,1174156c4a0eccaa
293,Default,Lady Midnight (The Dark Artifices #1),16.28,14,708345c9897fd7c5
294,Food and Drink,"It's All Easy: Healthy, Delicious Weeknight Meals in under 30 Minutes",19.55,14,245e6bf08b8d2955
295,Fantasy,Island of Dragons (Unwanteds #7),29.65,14,2b52334fab158861
296,Humor,I Know What I'm Doing -- and Other Lies I Tell Myself: Dispatches from a Life Under Construction,25.98,14,b8a8ff84233f0570
297,Fiction,I Am Pilgrim (Pilgrim #1),10.60,14,aeff7b87a8e83ebb
298,Humor,"Hyperbole and a Half: Unfortunate Situations, Flawed Coping Mechanisms, Mayhem, and Other Things That Happened",14.75,14,fbb21a2f71f4d981
299,Default,"Hush, Hush (Hush, Hush #1)",47.02,14,6b6cd77fbc91b7a6
300,Romance,Hold Your Breath (Search and Rescue #1),28.82,14,0b165bd4b9f42fd5
301,Nonfiction,Hamilton: The Revolution,58.79,14,afa829857f82f99e
302,Default,Greek Mythic History,10.23,14,f201f263d8c23f97
303,Religion,God: The Most Unpleasant Character in All Fiction,30.03,14,eec424a84c9e4c68
304,Historical Fiction,Glory over Everything: Beyond The Kitchen House,45.84,14,de4b403cb629a29f
305,Art,Feathers: Displays of Brilliant Plumage,49.05,14,9194ae88379dbf1a
306,Nonfiction,"Far & Away: Places on the Brink of Change: Seven Continents, Twenty-Five Years",15.06,14,ac4dde0d1be05de0
307,Default,Every Last Word,46.47,14,a2bd4ca82d908442
308,Fiction,Eligible (The Austen Project #4),27.09,14,9eaf58b03a2779cc
309,Sequential Art,El Deafo,57.62,14,27c5968fe43cc06e
310,Fiction,Eight Hundred Grapes,14.39,14,1d6dd0c87d90fe92
311,Nonfiction,"Eaternity: More than 150 Deliciously Easy Vegan Recipes for a Long, Healthy, Satisfied, Joyful Life",51.75,14,a01f6d368ef64dc5
312,Health,"Eat Fat, Get Thin",54.07,14,047dfa57ba0bf638
313,Young Adult,Don't Get Caught,55.35,14,ad2887ce04583910
314,Horror,Doctor Sleep (The Shining #2),40.12,14,bf5de316a5e9a4ab
315,Fantasy,Demigods & Magicians: Percy and Annabeth Meet the Kanes (Percy Jackson & Kane Chronicles Crossover #1-3),37.51,14,3c6fe637a0180b01
316,Fiction,Dear Mr. Knightley,11.21,14,94a958ea126cdcd5
317,Default,Daily Fantasy Sports,36.58,14,0e94a089328be4bc
318,Christian,Crazy Love: Overwhelmed by a Relentless God,47.72,14,4b9d9cfe0f435788
319,Fiction,Cometh the Hour (The Clifton Chronicles #6),25.01,14,28cf0d1c51b491e5
320,Add a comment,Code Name Verity (Code Name Verity #1),22.13,14,33a3e0e3ffde0dcd
321,Default,Clockwork Angel (The Infernal Devices #1),44.14,14,42b0c50fc44140ec
322,Fantasy,City of Glass (The Mortal Instruments #3),56.02,14,966ebb738e0f9d9b
323,Default,City of Fallen Angels (The Mortal Instruments #4),11.23,14,1e264c677d4ee4ae
324,Default,City of Bones (The Mortal Instruments #1),43.28,14,5b987e54ee72525c
325,Default,City of Ashes (The Mortal Instruments #2),47.27,14,8a6ec2761f91dad2
326,Add a comment,Cell,20.29,14,bfbb54bc8cdeed2b
327,Young Adult,Catching Jordan (Hundred Oaks),50.83,14,e2e7b683b4c15b7d
328,Default,"Carry On, Warrior: Thoughts on Life Unarmed",31.85,14,1b0fc9f777cad045
329,Default,Carrie,46.23,14,5f22418922fa728b
330,Nonfiction,Buying In: The Secret Dialogue Between What We Buy and Who We Are,37.80,14,16ef91b9d827859c
331,Nonfiction,Brain on Fire: My Month of Madness,49.32,14,a80f66b254fe9eb3
332,Sequential Art,Batman: Europa,32.01,14,bf68dcb5fad3cc8c
333,Food and Drink,Barefoot Contessa Back to Basics,28.01,14,999912e63a3262ae
334,Food and Drink,Barefoot Contessa at Home: Everyday Recipes You'll Make Over and Over Again,50.62,14,0e0da9192a025efc
335,Fiction,Balloon Animals,17.03,14,9b65f676984c9f0c
336,Sequential Art,Art Ops Vol. 1,48.80,14,ffdc825785c0ede8
337,Young Adult,Aristotle and Dante Discover the Secrets of the Universe (Aristotle and Dante Discover the Secrets of the Universe #1),58.14,14,41164b8ac02a2c42
338,Add a comment,Angels Walking (Angels Walking #1),34.20,14,1fbb5f786e53a0ce
339,Default,Angels & Demons (Robert Langdon #1),51.48,14,ad41c24ccac0c7ce
340,Historical,All the Light We Cannot See,29.87,14,39861fc1c0845d15
341,Sequential Art,"Adulthood Is a Myth: A ""Sarah's Scribbles"" Collection",10.90,14,5319169a72714c62
342,Nonfiction,Abstract City,56.37,14,cf1aa2fc02a7d1e0
343,Mystery,A Time of Torment (Charlie Parker #14),48.35,14,4416c474713ec1f5
344,Mystery,A Study in Scarlet (Sherlock Holmes #1),16.73,14,63ee5bc46066a8a8
345,Add a comment,"A Series of Catastrophes and Miracles: A True Story of Love, Science, and Cancer",56.48,14,c1379d3744f1dd2c
346,Add a comment,A People's History of the United States,40.79,14,1ad06aed9349af46
347,Fiction,A Man Called Ove,39.72,14,8682c03de6a844ff
348,History,A Distant Mirror: The Calamitous 14th Century,14.58,14,d5e0526e1ab682a3
349,Add a comment,A Brush of Wings (Angels Walking #3),55.51,14,01a177623cce9596
350,History,1491: New Revelations of the Americas Before Columbus,21.80,14,6e8e5626ac4d279e
351,Default,"The Three Searches, Meaning, and the Story",13.33,13,ac5e0d3938caf686
352,Fantasy,Searching for Meaning in Gailana,38.73,13,2f0213137a80d485
353,Add a comment,Rook,37.86,13,44d97b6707dae3f0
354,Food and Drink,My Kitchen Year: 136 Recipes That Saved My Life,11.53,13,8bbd7df8a324f31d
355,Nonfiction,13 Hours: The Inside Account of What Really Happened In Benghazi,27.06,13,4be9d1910f8a4e80
356,Womens Fiction,Will You Won't You Want Me?,13.86,12,077b635ff2afc578
357,Science,Tipping Point for Planet Earth: How Close Are We to the Edge?,37.55,12,148715df5a02ea5e
358,Fantasy,The Star-Touched Queen,32.30,12,4a7a25be293ad678
359,Fiction,The Silent Sister (Riley MacPherson #1),46.29,12,ce1ae197ada2aec4
360,Add a comment,The Midnight Watch: A Novel of the Titanic and the Californian,26.20,12,14e44163678e24dc
361,Nonfiction,The Lonely City: Adventures in the Art of Being Alone,33.26,12,582a21a1dbbef3cf
362,Add a comment,The Gray Rhino: How to Recognize and Act on the Obvious Dangers We Ignore,59.15,12,3063c7e95d0bf76f
363,Psychology,The Golden Condom: And Other Essays on Love Lost and Found,39.43,12,235fa48eeed11d82
364,Young Adult,The Epidemic (The Program 0.6),14.44,12,f732d7d18a91d2ba
365,Fiction,The Dinner Party,56.54,12,c6ca293d4810e0d5
366,Nonfiction,The Diary of a Young Girl,59.90,12,54fc03f1e1d355db
367,Add a comment,The Children,11.88,12,64fd010bf8d15096
368,Young Adult,Stars Above (The Lunar Chronicles #4.5),48.05,12,b63ea3f7a57ae099
369,Nonfiction,Snatched: How A Drug Queen Went Undercover for the DEA and Was Kidnapped By Colombian Guerillas,21.21,12,f40fea200e0c644f
370,Default,Raspberry Pi Electronics Projects for the Evil Genius,49.67,12,ebf81a62e4798fd1
371,Business,Quench Your Own Thirst: Business Lessons Learned Over a Beer or Two,43.14,12,8976d9161c027142
372,Horror,Psycho: Sanitarium (Psycho #1.5),36.97,12,b8d7b3f5c7a95d65
373,Mystery,Poisonous (Max Revere Novels #3),26.80,12,abdd91e96515a617
374,Add a comment,One with You (Crossfire #5),15.71,12,81ef44fcc5f454df
375,Young Adult,No Love Allowed (Dodge Cove #1),54.65,12,db84624b151cbe06
376,Mystery,Murder at the 42nd Street Library (Raymond Ambler #1),54.36,12,e7fe3bf2768602cf
377,Mystery,Most Wanted,35.28,12,c039f5aceb093537
378,Historical Fiction,"Love, Lies and Spies",20.55,12,9546d537fbf99eb6
379,Default,How to Speak Golf: An Illustrated Guide to Links Lingo,58.32,12,b978c9852cde91bd
380,Mystery,Hide Away (Eve Duncan #20),11.84,12,bddc6fd036eb6279
381,Nonfiction,Furiously Happy: A Funny Book About Horrible Things,41.46,12,c6a29d6df8de968c
382,Food and Drink,Everyday Italian: 125 Simple and Delicious Recipes,20.10,12,76319fe9d8b465a3
383,Politics,Equal Is Unfair: America's Misguided Fight Against Income Inequality,56.86,12,3968e3fbf4695d7c
384,Default,Eleanor & Park,56.51,12,6983328f15506cb9
385,Romance,Dirty (Dive Bar #1),40.83,12,df7e628bad5782b4
386,Horror,Can You Keep a Secret? (Fear Street Relaunch #4),48.64,12,d069086944f2e330
387,Mystery,Boar Island (Anna Pigeon #19),59.48,12,49b24c6a41b82bd2
388,Historical Fiction,A Paris Apartment,39.01,12,63343e287971bb0c
389,Food and Drink,"A la Mode: 120 Recipes in 60 Pairings: Pies, Tarts, Cakes, Crisps, and More Topped with Ice Cream, Gelato, Frozen Custard, and More",38.77,12,a4eef523118805ef
390,Default,Troublemaker: Surviving Hollywood and Scientology,48.39,11,515cb8fcafb1ad98
391,Mystery,The Widow,27.26,11,6159d8b187831770
392,Nonfiction,"The Sleep Revolution: Transforming Your Life, One Night at a Time",11.68,11,985991708c47003e
393,Fiction,The Improbability of Love,59.45,11,437d8dea9272d0a9
394,Business,The Art of Startup Fundraising,21.00,11,1c584f82a7a1c4f0
395,Romance,Take Me Home Tonight (Rock Star Romance #3),53.98,11,cf62fa272b5f0fa3
396,Science Fiction,Sleeping Giants (Themis Files #1),48.74,11,f435aa99d864077d
397,Biography,"Setting the World on Fire: The Brief, Astonishing Life of St. Catherine of Siena",21.15,11,b06599b108e83f98
398,Mystery,Playing with Fire,13.71,11,05a61a3bd8ca4149
399,Romance,Off the Hook (Fishing for Trouble #1),47.67,11,b783ce08802cd1d1
400,Fiction,Mothering Sunday,13.34,11,47e1b2d43f709995
401,Nonfiction,"Mother, Can You Not?",16.89,11,28b2df9fadc9f07e
402,Autobiography,M Train,27.18,11,5569c3fea112718e
403,Historical Fiction,Lilac Girls,17.28,11,bade9943ee01b63f
404,Fiction,Lies and Other Acts of Love,45.14,11,469508882dfc1991
405,Autobiography,Lab Girl,40.85,11,825d6c44da3ca5a6
406,Womens Fiction,Keep Me Posted,20.46,11,20dc4f1ac5d4fd9c
407,Psychology,It Didn't Start with You: How Inherited Family Trauma Shapes Who We Are and How to End the Cycle,56.27,11,ce8666d9b42fc9a0
408,Womens Fiction,Grey (Fifty Shades #4),48.49,11,b5953ca1f8a0b8d7
409,Young Adult,"Exit, Pursued by a Bear",51.34,11,c65c25d990fc7025
410,Fiction,Daredevils,16.34,11,f608c903c451f387
411,Food and Drink,Cravings: Recipes for What You Want to Eat,20.50,11,2587c54f5530dafc
412,Business,Born for This: How to Find the Work You Were Meant to Do,21.59,11,816180220e8cb419
413,Science Fiction,Arena,21.36,11,2c34f9432069b52b
414,Default,Adultery,20.88,11,bb967277222e689c
415,Nonfiction,A Mother's Reckoning: Living in the Aftermath of Tragedy,19.53,11,2b69dec0193511d9
416,Romance,A Gentleman's Position (Society of Gentlemen #3),14.75,11,40c4bf520c17de54
417,Fiction,11/22/63,48.48,11,a9d7b75461084a26
418,Nonfiction,"10% Happier: How I Tamed the Voice in My Head, Reduced Stress Without Losing My Edge, and Found Self-Help That Actually Works",24.57,10,34669b2e9d407d3a
419,Health,10-Day Green Smoothie Cleanse: Lose Up to 15 Pounds in 10 Days!,49.71,10,96aa539bfd4c07e2
420,Add a comment,Without Shame,48.27,9,ab60e6f5a63e1cfb
421,Add a comment,Watchmen,58.05,9,d1848064c54e01c7
422,Default,Unlimited Intuition Now,58.87,9,4fd0a2a350f016e6
423,Default,Underlying Notes,11.82,9,0967effecd292a86
424,Fiction,The Shack,28.03,9,903a9f8090104c2c
425,Default,The New Brand You: Your New Image Makes the Sale for You,44.05,9,4b50fb1359ebf35d
426,Food and Drink,"The Moosewood Cookbook: Recipes from Moosewood Restaurant, Ithaca, New York",12.34,9,65cfc9f242c2984a
427,Default,The Flowers Lied,16.68,9,33396269bcce166f
428,Science,"The Fabric of the Cosmos: Space, Time, and the Texture of Reality",55.91,9,ca74f2e3c35a3e77
429,Religion,The Book of Mormon,24.57,9,3f25a2fedae191cc
430,Health,The Art and Science of Low Carbohydrate Living,52.98,9,f9c87ccb2bc4853b
431,Young Adult,The Alien Club,54.40,9,e77594ece9b9d1fe
432,Novels,Suzie Snowflake: One beautiful flake (a self-esteem story),54.81,9,0e095ed785af7e43
433,Childrens,Nap-a-Roo,25.08,9,913e7109cec0cb4c
434,Default,"NaNo What Now? Finding your editing process, revising your NaNoWriMo book and building a writing career through publishing and beyond",10.41,9,ee6c67859d70186b
435,Default,Modern Day Fables,47.44,9,6baac632f7711e26
436,Spirituality,If I Gave You God's Phone Number....: Searching for Spirituality in America,20.91,9,8fab4c4f6f82a4ce
437,Sequential Art,"Fruits Basket, Vol. 9 (Fruits Basket #9)",33.95,9,97187f5cf0385da3
438,Humor,Dress Your Family in Corduroy and Denim,43.68,9,7e9068872228c474
439,Young Adult,Don't Forget Steven,33.23,9,e845d305f64154f1
440,Nonfiction,Chernobyl 01:23:40: The Incredible True Story of the World's Worst Nuclear Disaster,35.92,9,7186241e043de5dc
441,Art,Art and Fear: Observations on the Perils (and Rewards) of Artmaking,48.63,9,d6d9ffea95f2f8bf
442,Fantasy,A Shard of Ice (The Black Symphony Saga #1),56.63,9,63d5f1651880dcea
443,Add a comment,A Hero's Curse (The Unseen Chronicles #1),50.49,9,c181ca8eabe7d18c
444,Add a comment,23 Degrees South: A Tropical Tale of Changing Whether...,35.79,9,61cf7eb9d2cd8bb0
445,Nonfiction,"Zero to One: Notes on Startups, or How to Build the Future",34.06,8,e77033ce559947f7
446,Nonfiction,Why Not Me?,17.76,8,04f6c929888f4f11
447,Nonfiction,When Breath Becomes Air,39.36,8,b69c852e7e3956af
448,Travel,Vagabonding: An Uncommon Guide to the Art of Long-Term World Travel,36.94,8,1809259a5a5f1d8d
449,Default,The Unlikely Pilgrimage of Harold Fry (Harold Fry #1),43.62,8,e0bdd79c7304ee8d
450,Art,The New Drawing on the Right Side of the Brain,43.02,8,3eec766dda26fa64
451,Nonfiction,"The Midnight Assassin: Panic, Scandal, and the Hunt for America's First Serial Killer",28.45,8,5a0d2e9284004266
452,Default,The Martian (The Martian #1),41.39,8,9afd00e81d6208e6
453,Fiction,The High Mountains of Portugal,51.15,8,4f283dfcbeccc0d4
454,Short Stories,The Grownup,35.88,8,1bba4b1ba23ed2d6
455,Business,The E-Myth Revisited: Why Most Small Businesses Don't Work and What to Do About It,36.91,8,a2308a936e898d48
456,Young Adult,South of Sunshine,28.93,8,331c26103d885cae
457,Nonfiction,Smarter Faster Better: The Secrets of Being Productive in Life and Business,38.89,8,a2475a245c9907c4
458,Suspense,Silence in the Dark (Logan Point #4),58.33,8,e46a164cf310fd7d
459,Christian Fiction,Shadows of the Past (Logan Point #1),39.67,8,bee6e93e9976f4fa
460,Sequential Art,Roller Girl,14.10,8,aeb51dfbe8aeec59
461,Nonfiction,Rising Strong,21.82,8,52fc458ffc756faf
462,Philosophy,Proofs of God: Classical Arguments from Tertullian to Barth,54.21,8,d56d0710668bb39c
463,Music,Please Kill Me: The Uncensored Oral History of Punk,31.19,8,4a823d80aa30dbb0
464,Poetry,Out of Print: City Lights Spotlight No. 14,53.64,8,c0fc0cd215ee1724
465,Young Adult,My Life Next Door (My Life Next Door ),36.39,8,9a7291b89bd5445c
466,Fiction,Miller's Valley,58.54,8,bff270fe9c86a5a9
467,Nonfiction,Man's Search for Meaning,29.48,8,4729afff3bea0f0a
468,Nonfiction,"Love That Boy: What Two Presidents, Eight Road Trips, and My Son Taught Me About a Parent's Expectations",25.06,8,4d3a4c7b442a9a4e
469,Nonfiction,Living Forward: A Proven Plan to Stop Drifting and Get the Life You Want,12.55,8,044534b0b28b4e87
470,Poetry,Les Fleurs du Mal,29.04,8,c44c5e1425475206
471,Default,Left Behind (Left Behind #1),40.72,8,29af1a2566c4e36e
472,Music,Kill 'Em and Leave: Searching for James Brown and the American Soul,45.05,8,39eefec3a8498dde
473,Philosophy,Kierkegaard: A Christian Missionary to Christians,47.13,8,0cf57cb49272fd37
474,Default,John Vassos: Industrial Design for Modern Life,20.22,8,bd26e8a79a856c31
475,Default,I'll Give You the Sun,56.48,8,0ab4b35dcffcffd1
476,Nonfiction,I Will Find You,44.21,8,bbf1ea50be8008ab
477,Fiction,Hystopia: A Novel,21.96,8,0bfdef63285d3019
478,Poetry,Howl and Other Poems,40.45,8,b7870fa6dc088fbb
479,Art,History of Beauty,10.29,8,8a150fd8ff5d7686
480,Default,Heaven is for Real: A Little Boy's Astounding Story of His Trip to Heaven and Back,52.86,8,d48c1369927ebef1
481,Young Adult,Future Shock (Future Shock #1),55.65,8,df6a7c43faa6732b
482,Default,Ender's Game (The Ender Quintet #1),43.64,8,e049d44c4f1cf1b2
483,Science,Diary of a Citizen Scientist: Chasing Tiger Beetles and Other New Ways of Engaging the World,28.41,8,0c11e2d068768dbb
484,Default,Death by Leisure: A Cautionary Tale,37.51,8,4dbd54d9e36c9566
485,History,Brilliant Beacons: A History of the American Lighthouse,11.45,8,7f5157bf53065d36
486,Nonfiction,Brazen: The Courage to Find the You That's Been Hiding,19.22,8,77e9ea355bd8ae57
487,Nonfiction,Between the World and Me,56.91,8,04e3de7ac35ec5cd
488,Nonfiction,Being Mortal: Medicine and What Matters in the End,55.06,8,15ebd83e53d0391b
489,Nonfiction,"A Murder Over a Girl: Justice, Gender, Junior High",13.20,8,fef91502cbacf23a
490,Food and Drink,32 Yolks,53.63,8,b1a227b7609ff263
491,History,"""Most Blessed of the Patriarchs"": Thomas Jefferson and the Empire of the Imagination",44.48,8,f16c2edb2a603f92
492,Self Help,You Are a Badass: How to Stop Doubting Your Greatness and Start Living an Awesome Life,12.08,7,88ec621893e595d0
493,Default,Wildlife of New York: A Five-Borough Coloring Book,22.14,7,b46d022080543144
494,Mystery,What Happened on Beale Street (Secrets of the South Mysteries #2),25.37,7,9735c969c652dd89
495,Spirituality,Unreasonable Hope: Finding Faith in the God Who Brings Purpose to Your Pain,46.33,7,48cb52d78c992487
496,Travel,Under the Tuscan Sun,37.33,7,a94350ee74deaa07
497,Humor,Toddlers Are A**holes: It's Not Your Fault,25.55,7,4242cc3d0437db12
498,Default,The Year of Living Biblically: One Man's Humble Quest to Follow the Bible as Literally as Possible,34.72,7,4a0b78598b42897a
499,Childrens,The Whale,35.96,7,0ff9d10864db8364
500,Art,The Story of Art,41.14,7,9147c5251cc99eb1
501,Science,The Origin of Species,10.01,7,0345872b14f9e774
502,Default,The Great Gatsby,36.05,7,a8dbf1c6b41b885a
503,Default,The Good Girl,49.03,7,f935412970c9f58f
504,Add a comment,The Glass Castle,16.24,7,47f4fd3e8e1dac05
505,Biography,The Faith of Christopher Hitchens: The Restless Soul of the World's Most Notorious Atheist,39.55,7,57f85720e54d6442
506,Add a comment,The Drowning Girls,35.67,7,7a10353c9c54cf7c
507,Historical Fiction,The Constant Princess (The Tudor Court #1),16.62,7,24933c712f0bca2f
508,Fiction,The Bourne Identity (Jason Bourne #1),42.78,7,d250657f0ebc5d73
509,Mystery,The Bachelor Girl's Guide to Murder (Herringford and Watts Mysteries #1),52.30,7,20789fb17b423c4c
510,Art,The Art Book,32.34,7,4b8fa561a1e52d1c
511,Default,The 7 Habits of Highly Effective People: Powerful Lessons in Personal Change,33.17,7,5fbd03b1ac0a0e69
512,Add a comment,Team of Rivals: The Political Genius of Abraham Lincoln,20.12,7,ba047a636b7d3793
513,Default,Steal Like an Artist: 10 Things Nobody Told You About Being Creative,20.90,7,8776181be110838a
514,Romance,"Sit, Stay, Love",20.90,7,bd087cf6a846db75
515,Fiction,Sister Dear,40.20,7,7ffebdd1d5148aef
516,Childrens,"Shrunken Treasures: Literary Classics, Short, Sweet, and Silly",52.87,7,9639e89d20228e6e
517,Business,"Rich Dad, Poor Dad",51.74,7,8486f61aa81a3daa
518,Childrens,Raymie Nightingale,34.41,7,31c56c4d0fe19340
519,Childrens,Playing from the Heart,32.38,7,68008abf6409dfde
520,Young Adult,Nightstruck: A Novel,50.35,7,746029796363aa51
521,Food and Drink,"Naturally Lean: 125 Nourishing Gluten-Free, Plant-Based Recipes--All Under 300 Calories",11.38,7,924438fc6cbec836
522,Womens Fiction,Meternity,43.58,7,725cd8d23d78cdca
523,Fiction,Memoirs of a Geisha,49.67,7,dac4b5847454fd9b
524,Christian Fiction,Like Never Before (Walker Family #2),28.77,7,b6670507e85b30e6
525,Default,Life of Pi,13.22,7,40cdcbb7692fd408
526,Poetry,Leave This Song Behind: Teen Poetry at Its Best,51.17,7,b74ee891e2a6dd69
527,Fantasy,King's Folly (The Kinsman Chronicles #1),39.61,7,4c82371b8cd02d4d
528,Add a comment,John Adams,57.43,7,68407606544d6f22
529,Food and Drink,How to Cook Everything Vegetarian: Simple Meatless Recipes for Great Food (How to Cook Everything),46.01,7,2a9fcb3382d351c8
530,Food and Drink,How to Be a Domestic Goddess: Baking and the Art of Comfort Cooking,28.25,7,eff5710404e2ff78
531,Add a comment,Good in Bed (Cannie Shapiro #1),37.05,7,c00bc29a678a6efb
532,Sequential Art,"Fruits Basket, Vol. 7 (Fruits Basket #7)",19.57,7,de6d7645f192d517
533,Nonfiction,For the Love: Fighting for Grace in a World of Impossible Standards,45.13,7,2e40333991f56f45
534,Nonfiction,Finding God in the Ruins: How God Redeems Pain,46.64,7,4e78f06160b717ac
535,Fantasy,Every Heart a Doorway (Every Heart A Doorway #1),12.16,7,4fa75fc6829431ca
536,Mystery,Delivering the Truth (Quaker Midwife Mystery #1),20.89,7,4e980425468708da
537,Christian Fiction,Counted With the Stars (Out from Egypt #1),17.97,7,4807043b8218e9ce
538,Music,"Chronicles, Vol. 1",52.60,7,4781b6bfd6f7a2c5
539,Christian,Blue Like Jazz: Nonreligious Thoughts on Christian Spirituality,25.77,7,a322361a37a78d3d
540,Biography,Benjamin Franklin: An American Life,48.19,7,5b546a46a86a9d8c
541,Philosophy,"At The Existentialist Café: Freedom, Being, and apricot cocktails with: Jean-Paul Sartre, Simone de Beauvoir, Albert Camus, Martin Heidegger, Edmund Husserl, Karl Jaspers, Maurice Merleau-Ponty and others",29.93,7,6b52904b2ab91bf6
542,Travel,A Summer In Europe,44.34,7,cc1936a9f4e93477
543,History,A Short History of Nearly Everything,52.40,7,6c7fa6844380f50a
544,Fantasy,A Gathering of Shadows (Shades of Magic #2),44.81,7,d1378a0ad06ff979
545,Default,The Sound Of Love,57.84,6,5ba3d703d1ae0c1d
546,History,The Rise and Fall of the Third Reich: A History of Nazi Germany,39.67,6,774fa432bd7d9c47
547,Default,The Perks of Being a Wallflower,55.02,6,fd364afd082f5446
548,Mystery,The Mysterious Affair at Styles (Hercule Poirot #1),24.80,6,2da5edf8b5776c9a
549,Nonfiction,The Man Who Mistook His Wife for a Hat and Other Clinical Tales,59.45,6,60376aa71be66083
550,Default,The Makings of a Fatherless Child,31.58,6,2efa5a839e62b1bd
551,Add a comment,The Joy of Cooking,43.27,6,d326e189b1210916
552,Historical Fiction,The Invention of Wings,37.34,6,e6635f5b0a2c78db
553,Default,The Hobbit (Middle-Earth Universe),17.80,6,72b5355dda190b6a
554,Travel,The Great Railway Bazaar,30.54,6,48736df57e7bec9f
555,Add a comment,The Golden Compass (His Dark Materials #1),18.77,6,d33824cb93ecab6f
556,Add a comment,The God Delusion,46.85,6,2bc80eba94950873
557,Historical,The Girl You Left Behind (The Girl You Left Behind #1),15.79,6,eb7459e0c570251d
558,Default,The Fellowship of the Ring (The Lord of the Rings #1),10.27,6,cb17945cb90b7837
559,Poetry,The Collected Poems of W.B. Yeats (The Collected Works of W.B. Yeats #1),15.42,6,3d250ab0f12be445
560,Food and Drink,The Barefoot Contessa Cookbook,59.92,6,6478ccb4416e6a5d
561,Young Adult,Tell the Wolves I'm Home,50.96,6,2a1b3d967cda1da2
562,Default,Ship Leaves Harbor: Essays on Travel by a Recovering Journeyman,30.60,6,8d8e9f9b8730eb25
563,Add a comment,Pride and Prejudice,19.27,6,720c36b2bee4692e
564,Default,Musicophilia: Tales of Music and the Brain,46.58,6,6d235933670503d9
565,Add a comment,Mere Christianity,48.51,6,f38f37ed934d84b2
566,Fiction,Me Before You (Me Before You #1),19.02,6,7a2b51f69e81c722
567,Mystery,In the Woods (Dublin Murder Squad #1),38.38,6,6958de044cb28a84
568,Nonfiction,In Cold Blood,49.98,6,fe0f34ebed689381
569,Self Help,How to Stop Worrying and Start Living,46.49,6,e792c0969cefe1b8
570,Thriller,Give It Back,18.32,6,012170e4fc87ace0
571,Nonfiction,"Girl, Interrupted",42.14,6,384c7d41d5ffe9d1
572,Add a comment,Fun Home: A Family Tragicomic,56.59,6,56a34d0cec11d6b0
573,Sequential Art,"Fruits Basket, Vol. 6 (Fruits Basket #6)",20.96,6,97258f576d4bb672
574,Fiction,Deception Point,40.32,6,4e3b183180e2a992
575,Sequential Art,"Death Note, Vol. 6: Give-and-Take (Death Note #6)",36.39,6,6e06d0f00f6da20f
576,History,Catherine the Great: Portrait of a Woman,58.55,6,f3c70d296ec796c4
577,Food and Drink,Better Homes and Gardens New Cook Book,39.61,6,faf841f81c52638b
578,Psychology,An Unquiet Mind: A Memoir of Moods and Madness,21.30,6,46cb43c2ab133ccc
579,Travel,A Year in Provence (Provence #1),56.88,6,9e60929f521fa280
580,Historical Fiction,World Without End (The Pillars of the Earth #2),32.97,5,2e5b4ff08a75fd02
581,Young Adult,"Will Grayson, Will Grayson (Will Grayson, Will Grayson)",47.31,5,e75f3ae1da1cc652
582,Nonfiction,Why Save the Bankers?: And Other Essays on Our Economic and Political Crisis,48.67,5,759ee7d059b1beb8
583,Young Adult,Where She Went (If I Stay #2),41.73,5,60369d96b7b80869
584,Default,What If?: Serious Scientific Answers to Absurd Hypothetical Questions,53.68,5,163d89116179c33f
585,Young Adult,Two Summers,14.64,5,3a7d54a264d9f33e
586,Music,This Is Your Brain on Music: The Science of a Human Obsession,38.40,5,bc209a900101f28d
587,Classics,The Secret Garden,15.08,5,abbb492978ff656d
588,Add a comment,The Raven King (The Raven Cycle #4),30.57,5,2e4fc5eacceec12c
589,Fantasy,The Raven Boys (The Raven Cycle #1),57.74,5,e0b3a679b83caccc
590,Food and Drink,The Power Greens Cookbook: 140 Delicious Superfood Recipes,11.05,5,f701fae56b645ef7
591,Classics,The Metamorphosis,28.58,5,93379e3a2072a01b
592,History,The Mathews Men: Seven Brothers and the War Against Hitler's U-boats,42.91,5,0d210d2448c3018f
593,Fiction,The Little Paris Bookshop,24.73,5,dfd9ff1f343cdaff
594,History,The Hiding Place,55.91,5,c4589ee5977a47be
595,Science,The Grand Design,13.76,5,3213b1f13f5f0f7c
596,Fiction,The Firm,45.56,5,ad84f18659e6bfe2
597,Default,The Fault in Our Stars,47.22,5,3661360c99719414
598,Fantasy,The False Prince (The Ascendance Trilogy #1),56.00,5,a2a9f76339d21ab1
599,Fiction,The Expatriates,44.58,5,fe7210553d56c097
600,Default,The Dream Thieves (The Raven Cycle #2),34.50,5,fec06f52054ea900
601,Young Adult,The Darkest Corners,11.33,5,c4182bdb53e2459a
602,Poetry,The Crossover,38.77,5,b228042c088b1913
603,Default,The 5th Wave (The 5th Wave #1),11.83,5,b716233fcb6877e6
604,Fantasy,Tell the Wind and Fire,45.51,5,84126312e2431a09
605,Young Adult,Tell Me Three Things,41.81,5,50d5a7b861ed1c54
606,Nonfiction,Talking to Girls About Duran Duran: One Young Man's Quest for True Love and a Cooler Haircut,25.15,5,1dba84766a5e87b8
607,Fiction,Siddhartha,34.22,5,84bb29c53592ac40
608,Default,Shiver (The Wolves of Mercy Falls #1),16.23,5,59a8ae019b64f2a7
609,Default,Remember Me?,11.48,5,2973d38c2fbd7a5c
610,Horror,Red Dragon (Hannibal Lecter #1),23.37,5,e958ae92f328c181
611,Science,Peak: Secrets from the New Science of Expertise,16.28,5,6036239d2ab349b7
612,Nonfiction,My Mother Was Nuts,31.63,5,a4ce39a3720cd679
613,Food and Drink,Mexican Today: New and Rediscovered Recipes for Contemporary Kitchens,24.91,5,12a90b90283b2e6d
614,Childrens,Maybe Something Beautiful: How Art Transformed a Neighborhood,22.54,5,81c68492ccd72941
615,Young Adult,Lola and the Boy Next Door (Anna and the French Kiss #2),23.63,5,5e1a88d248599768
616,Academic,Logan Kade (Fallen Crest High #5.5),13.12,5,7093cf549cd2e7de
617,Fiction,Last One Home (New Beginnings #1),59.98,5,07e6810fd3236bda
618,Thriller,Killing Floor (Jack Reacher #1),31.49,5,8dde2ff3f6fcc0a3
619,Young Adult,Kill the Boy Band,15.52,5,44f545727e704187
620,Young Adult,Isla and the Happily Ever After (Anna and the French Kiss #3),48.13,5,45045146dbf7b009
621,Default,If I Stay (If I Stay #1),38.13,5,7284d85428305f5a
622,Default,I Know Why the Caged Bird Sings (Maya Angelou's Autobiography #1),36.55,5,d219d4e325e6f204
623,Default,Harry Potter and the Deathly Hallows (Harry Potter #7),23.32,5,6c49258724f11770
624,Sequential Art,"Fruits Basket, Vol. 5 (Fruits Basket #5)",16.33,5,3fd83dcf37bf1bc0
625,Science Fiction,Foundation (Foundation (Publication Order) #1),32.42,5,3fc124f59f3068e4
626,Default,Fool Me Once,16.96,5,630e766f0a1987dd
627,Add a comment,Find Her (Detective D.D. Warren #8),22.37,5,b28c7d07afa7063b
628,Add a comment,Evicted: Poverty and Profit in the American City,42.27,5,75cc85cdbe9ad46b
629,Default,Drama,38.70,5,d5ad4c92d8bf26c9
630,Horror,Dracula the Un-Dead,35.63,5,e46b1074b99ac4b6
631,Fiction,Digital Fortress,58.00,5,94bb629a3f6dd00b
632,Sequential Art,"Death Note, Vol. 5: Whiteout (Death Note #5)",52.41,5,1c0a38899c82b60a
633,Nonfiction,"Data, A Love Story: How I Gamed Online Dating to Meet My Match",32.35,5,bcf567421c581f0a
634,Philosophy,Critique of Pure Reason,20.75,5,429b4a811bef386c
635,Poetry,Booked,17.49,5,b54d7416bb445989
636,Default,"Blue Lily, Lily Blue (The Raven Cycle #3)",34.13,5,ad5e078beceaeb4a
637,Autobiography,Approval Junkie: Adventures in Caring Too Much,58.81,5,612369a5947a012e
638,Young Adult,An Abundance of Katherines,10.00,5,f36d24c309e87e5b
639,History,America's War for the Greater Middle East: A Military History,51.22,5,add33db6ff80db24
640,Default,Alight (The Generations Trilogy #2),58.59,5,d9290e99f189ce84
641,Romance,A Girl's Guide to Moving On (New Beginnings #2),31.30,5,cf3b86489890b9f2
642,Add a comment,A Game of Thrones (A Song of Ice and Fire #1),46.42,5,03cbb67c0f990d87
643,Fantasy,A Feast for Crows (A Song of Ice and Fire #4),17.21,5,f2c8f4b4c94d5c5c
644,Add a comment,A Clash of Kings (A Song of Ice and Fire #2),10.79,5,89a89e76f3516357
645,Default,Vogue Colors A to Z: A Fashion Coloring Book,52.35,4,a8f4577a48023344
646,Default,The Shining (The Shining #1),27.88,4,d4de23aa98acc65b
647,Classics,The Pilgrim's Progress,50.26,4,6053ddf69c967d5f
648,Romance,The Perfect Play (Play by Play #1),59.99,4,9cc207168a03470d
649,Historical Fiction,The Passion of Dolssa,28.32,4,011674f4a3834b8d
650,Nonfiction,The Jazz of Physics: The Secret Link Between Music and the Structure of the Universe,38.71,4,6a57286a8890d8c5
651,Default,The Hunger Games (The Hunger Games #1),29.85,4,6d2f70d9424f41a1
652,Classics,The Hound of the Baskervilles (Sherlock Holmes #5),14.82,4,6587f46697fc4443
653,Nonfiction,The Gunning of America: Business and the Making of American Gun Culture,16.81,4,45033bdf3d9ed158
654,Nonfiction,The Geography of Bliss: One Grump's Search for the Happiest Places in the World,28.23,4,c65ee14957c0fa5c
655,Fantasy,The Demonists (Demonist #1),52.11,4,ff2dffba388d9922
656,Sequential Art,"The Demon Prince of Momochi House, Vol. 4 (The Demon Prince of Momochi House #4)",27.88,4,df53c2948b32bde3
657,Thriller,The Bone Hunters (Lexy Vaughan & Steven Macaulay #2),59.71,4,9c4d061c1e2fe6bf
658,Fantasy,The Beast (Black Dagger Brotherhood #14),46.08,4,8930013d06942df1
659,Womens Fiction,Some Women,13.73,4,31f5bbf4974d29c9
660,Womens Fiction,Shopaholic Ties the Knot (Shopaholic #3),48.39,4,38199c5d7da0c0ef
661,Fantasy,Paper and Fire (The Great Library #2),49.45,4,ae884ac655d6ee3e
662,Default,Outlander (Outlander #1),19.67,4,5de4baa88061a77a
663,Music,"Orchestra of Exiles: The Story of Bronislaw Huberman, the Israel Philharmonic, and the One Thousand Jews He Saved from Nazi Horrors",12.36,4,2ba5ccc84d35006c
664,Music,No One Here Gets Out Alive,20.02,4,3a95f5a2df4ff921
665,Horror,Night Shift (Night Shift #1-20),12.75,4,869d20b3b8128230
666,Horror,Needful Things,47.51,4,70b585c9d0f15725
667,Default,Mockingjay (The Hunger Games #3),20.44,4,5212c6acea3359e5
668,Horror,Misery,34.79,4,81d4191030b9704b
669,Classics,Little Women (Little Women #1),28.07,4,deda806b68b0aa11
670,Horror,It,25.01,4,670a2773607d785d
671,Default,Harry Potter and the Sorcerer's Stone (Harry Potter #1),13.90,4,ac337893a9fe0085
672,Young Adult,Harry Potter and the Prisoner of Azkaban (Harry Potter #3),24.17,4,eff24325e0ede639
673,Fantasy,Harry Potter and the Order of the Phoenix (Harry Potter #5),31.63,4,5a6b7155f2797537
674,Fantasy,Harry Potter and the Half-Blood Prince (Harry Potter #6),48.75,4,73f4f87dd936ee5c
675,Fantasy,Harry Potter and the Chamber of Secrets (Harry Potter #2),14.74,4,c7c4f55b7321cba7
676,Classics,Gone with the Wind,32.49,4,23310ce84d3c9f85
677,Nonfiction,God Is Not Great: How Religion Poisons Everything,27.80,4,ddbc5530d2939d49
678,Historical Fiction,Girl With a Pearl Earring,26.77,4,5eff05e59f905a49
679,Sequential Art,"Fruits Basket, Vol. 4 (Fruits Basket #4)",50.44,4,8fff1084aa085a13
680,Thriller,Far From True (Promise Falls Trilogy #2),34.93,4,ad15a9a139919918
681,Romance,Dark Lover (Black Dagger Brotherhood #1),12.87,4,2b69d289279aabfd
682,Default,Confessions of a Shopaholic (Shopaholic #1),48.94,4,a2dc754afb69bb32
683,Romance,Changing the Game (Play by Play #2),13.38,4,aaebac5fda798b1b
684,Classics,Candide,58.63,4,2798974abc8a58a8
685,Womens Fiction,Can You Keep a Secret?,21.94,4,0812f54c93d726ce
686,Fiction,Atlas Shrugged,26.58,4,78a4ac98191ac675
687,Classics,Animal Farm,57.22,4,1451b55e5e56bb89
688,Romance,A Walk to Remember,56.43,4,aead11697d14ea36
689,Spirituality,A New Earth: Awakening to Your Life's Purpose,55.65,4,f6ae39568db1130e
690,Religion,"A History of God: The 4,000-Year Quest of Judaism, Christianity, and Islam",27.62,4,d12ca4020c2f602e
691,Horror,'Salem's Lot,49.56,4,6e9403f00acd6752
692,Default,Zero History (Blue Ant #3),34.77,3,634b7165c96ebb9f
693,Classics,Wuthering Heights,17.73,3,5a7ff9aaa3168878
694,Default,World War Z: An Oral History of the Zombie War,21.80,3,5d55202da0252627
695,Default,Wild: From Lost to Found on the Pacific Crest Trail,46.02,3,d30b9215c72cca87
696,Default,"Where'd You Go, Bernadette",18.13,3,07bb35158d9dd3d2
697,Humor,When You Are Engulfed in Flames,30.89,3,dab0196cd5fc8e5e
698,Nonfiction,We the People: The Modern-Day Figures Who Have Reshaped and Affirmed the Founding Fathers' Vision of America,31.95,3,06bab964fd536971
699,Contemporary,We Are All Completely Beside Ourselves,24.04,3,be3db344a845580b
700,Young Adult,Walk the Edge (Thunder Road #2),32.36,3,0e4e2d31c2fb3aad
701,Historical Fiction,Voyager (Outlander #3),21.07,3,7feac4000cbc5859
702,Nonfiction,Very Good Lives: The Fringe Benefits of Failure and the Importance of Imagination,50.66,3,52aa3d79b1cee455
703,Food and Drink,Vegan Vegetarian Omnivore: Dinner for Everyone at the Table,13.66,3,4672d10b9b1e7a05
704,Nonfiction,"Unstuffed: Decluttering Your Home, Mind, and Soul",58.09,3,b830685072fa871f
705,Nonfiction,Under the Banner of Heaven: A Story of Violent Faith,30.00,3,599a4f98bb193368
706,Young Adult,Two Boys Kissing,32.74,3,61bc8167c9680283
707,Default,Twilight (Twilight #1),41.93,3,b53078de0147f6bf
708,Womens Fiction,Twenties Girl,42.80,3,8ebad30219b8679c
709,Nonfiction,"Trespassing Across America: One Man's Epic, Never-Done-Before (and Sort of Illegal) Hike Across the Heartland",53.51,3,2173a2ce35f6ace1
710,Fiction,Three-Martini Lunch,23.21,3,57f755143ee96fd4
711,Psychology,"Thinking, Fast and Slow",21.14,3,719d72f3ee512dc6
712,Childrens,The Wild Robot,56.07,3,75fed6a47f69859d
713,Sequential Art,"The Wicked + The Divine, Vol. 3: Commercial Suicide (The Wicked + The Divine)",14.41,3,a33ed2e6068df53e
714,Womens Fiction,The Undomestic Goddess,45.75,3,813cff2aefa5d1f0
715,Thriller,The Travelers,15.77,3,2b685187f55c5d31
716,Add a comment,The Tipping Point: How Little Things Can Make a Big Difference,10.02,3,224fa77d4b248046
717,Childrens,The Thing About Jellyfish,48.77,3,3d15714d4d3d15dd
718,Horror,The Stand,57.86,3,49f24193f0b961e6
719,Food and Drink,The Smitten Kitchen Cookbook,23.59,3,742702d662a71410
720,Mystery,The Silkworm (Cormoran Strike #2),23.05,3,f06039c29b5891fa
721,Sequential Art,"The Sandman, Vol. 3: Dream Country (The Sandman (volumes) #3)",55.55,3,91eb9605998a7c03
722,Fantasy,The Rose & the Dagger (The Wrath and the Dawn #2),58.64,3,322a9e34d87f54b1
723,Travel,The Road to Little Dribbling: Adventures of an American in Britain (Notes From a Small Island #2),23.21,3,366a236aa1ea6f07
724,Biography,The Rise of Theodore Roosevelt (Theodore Roosevelt #1),42.57,3,1a5044d233936b1a
725,Science Fiction,The Restaurant at the End of the Universe (Hitchhiker's Guide to the Galaxy #2),10.92,3,0e92ccf1bd39e68f
726,Add a comment,The Rest Is Noise: Listening to the Twentieth Century,34.77,3,e2d47e82c50d41d9
727,Historical Fiction,The Red Tent,35.66,3,3c456328b04a8ee8
728,Add a comment,The Purpose Driven Life: What on Earth Am I Here for?,37.19,3,0e7beedf0ee9380c
729,Romance,The Purest Hook (Second Circle Tattoos #3),12.25,3,969f6c7e86554814
730,Classics,The Picture of Dorian Gray,29.70,3,b9f6305a3d650e2c
731,Default,The Paris Wife,36.80,3,fa26798728f5208f
732,Romance,The Obsession,45.43,3,ee441c8e027caa66
733,Fiction,The Nightingale,26.26,3,29d6d87f3418638b
734,Young Adult,The New Guy (and Other Senior Year Distractions),44.92,3,3e42ac0f4d43320f
735,Womens Fiction,The Nanny Diaries (Nanny #1),52.53,3,6263c1d2997b8ce0
736,Nonfiction,The Name of God is Mercy,37.25,3,0baf71623648413a
737,Default,The Maze Runner (The Maze Runner #1),20.93,3,4266f48a0aa1c37d
738,Default,The Lover's Dictionary,58.09,3,36c15687f5ab0f7c
739,Childrens,The Lonely Ones,43.59,3,cf2f27fdf94ba20e
740,Business,The Lean Startup: How Today's Entrepreneurs Use Continuous Innovation to Create Radically Successful Businesses,33.92,3,70c7c3ca7f9b2728
741,Historical Fiction,The Last Painting of Sara de Vos,55.55,3,476c7972e9b41891
742,Young Adult,"The Land of 10,000 Madonnas",29.64,3,35e69a79d2b1e804
743,Fiction,The Infinities,27.41,3,554e9e2d532b3a87
744,Fiction,The Husband's Secret,52.51,3,ff6bb30dd0c482a6
745,Add a comment,The Hitchhiker's Guide to the Galaxy (Hitchhiker's Guide to the Galaxy #1),47.80,3,a8b0ea6490bc818f
746,History,The Guns of August,14.54,3,b5da59dd177eb36b
747,Historical Fiction,The Guernsey Literary and Potato Peel Pie Society,49.53,3,4a0a276409968a73
748,Default,The Goldfinch,43.58,3,c88422d8959260ab
749,Default,The Giver (The Giver Quartet #1),12.30,3,e2dac1f4739e0bd5
750,Horror,The Girl with All the Gifts,49.47,3,92dcc54a27107a37
751,Default,The Girl Who Played with Fire (Millennium Trilogy #2),22.14,3,bfa9cb304075d3e8
752,Add a comment,The Girl Who Kicked the Hornet's Nest (Millennium Trilogy #3),57.48,3,8f5d16a5a9bd58b2
753,Mystery,The Exiled,43.45,3,dd003e904727281a
754,Add a comment,"The End of Faith: Religion, Terror, and the Future of Reason",22.13,3,b3f2bc2cefb35f05
755,Science,"The Elegant Universe: Superstrings, Hidden Dimensions, and the Quest for the Ultimate Theory",13.03,3,c6bf14cb901c63ac
756,Science,"The Disappearing Spoon: And Other True Tales of Madness, Love, and the History of the World from the Periodic Table of the Elements",57.35,3,63c0826ef59eae66
757,Womens Fiction,The Devil Wears Prada (The Devil Wears Prada #1),44.29,3,a6ab0cb7106a67f2
758,Default,The Demon-Haunted World: Science as a Candle in the Dark,52.25,3,f51062bf579507d9
759,Childrens,The Day the Crayons Came Home (Crayons),26.33,3,b22362b434e8ee62
760,Fiction,The Da Vinci Code (Robert Langdon #2),22.96,3,dabf11918b48b40c
761,Mystery,The Cuckoo's Calling (Cormoran Strike #1),19.21,3,1be6d3b121865edb
762,Classics,The Complete Stories and Poems (The Works of Edgar Allan Poe [Cameo Edition]),26.78,3,cad70d6ffd53912f
763,Add a comment,The Complete Poems,41.32,3,23707d3ddf14a999
764,Add a comment,The Catcher in the Rye,24.55,3,487449f4f6322f0f
765,Childrens,The Cat in the Hat (Beginner Books B-1),16.26,3,b7f475238ed50429
766,Add a comment,The Case for Christ (Cases for Christianity),47.84,3,970bd3316219e7dc
767,Default,The Book Thief,53.49,3,a75e274c8814b539
768,Sports and Games,The Book of Basketball: The NBA According to The Sports Guy,44.84,3,08decd9664e5d56e
769,Add a comment,The Blind Side: Evolution of a Game,53.71,3,cd3dcd83bb002e78
770,Default,The Autobiography of Malcolm X,23.43,3,b04a6a0db525857d
771,Food and Drink,"The Art of Simple Food: Notes, Lessons, and Recipes from a Delicious Revolution",34.32,3,311634df10651e05
772,Fiction,The Art of Fielding,22.10,3,2858ac90c4758e1f
773,Science,"Surely You're Joking, Mr. Feynman!: Adventures of a Curious Character",25.83,3,61002f3b7ba5d780
774,Nonfiction,Stiff: The Curious Lives of Human Cadavers,36.74,3,a11ae5f07572ef49
775,Nonfiction,Spilled Milk: Based on a True Story,49.51,3,f08667e4c0458f37
776,Womens Fiction,Something Borrowed (Darcy & Rachel #1),48.96,3,ac27ab4bcd9c492e
777,Womens Fiction,Something Blue (Darcy & Rachel #2),54.62,3,3fc9d51d1c4d6ba7
778,Fantasy,Soldier (Talon #3),24.72,3,feaaae90514eb2ac
779,Default,Shopaholic & Baby (Shopaholic #5),46.45,3,c57d3c96af23c297
780,Add a comment,Seven Days in the Art World,52.33,3,07806456878931bc
781,Science,Seven Brief Lessons on Physics,30.60,3,281a244ce1954711
782,Young Adult,Scarlet (The Lunar Chronicles #2),14.57,3,510832818edb6fbc
783,Add a comment,Sarah's Key,46.29,3,5b2cd5b31a510848
784,Sequential Art,"Saga, Volume 3 (Saga (Collected Editions) #3)",21.57,3,7b870bf85d01c2dc
785,Autobiography,Running with Scissors,12.91,3,28921443f052bea6
786,Add a comment,Rogue Lawyer (Rogue Lawyer #1),50.11,3,b4f5672f68ec3a83
787,Nonfiction,"Rise of the Rocket Girls: The Women Who Propelled Us, from Missiles to the Moon to Mars",41.67,3,89cad3f37c9ce226
788,Business,Rework,44.88,3,8e9dd8431170c09e
789,Romance,Reservations for Two,11.10,3,ecdf73ee66c33b17
790,Childrens,Red: The True Story of Red Riding Hood,28.54,3,4c8ece50736f9e88
791,Science Fiction,Ready Player One,19.07,3,2ef5dc7e278e562a
792,Default,Quiet: The Power of Introverts in a World That Can't Stop Talking,43.55,3,3c565df219ba3274
793,Sequential Art,Prodigy: The Graphic Novel (Legend: The Graphic Novel #2),43.63,3,9707989a439757b4
794,Sequential Art,Persepolis: The Story of a Childhood (Persepolis #1-2),39.13,3,cb62418129b864a3
795,Default,Packing for Mars: The Curious Science of Life in the Void,56.68,3,8e2dfd6bcf48e1e6
796,Nonfiction,Outliers: The Story of Success,14.16,3,09a7b0b566ad6225
797,Sequential Art,Original Fake,31.45,3,c59283b05905c853
798,Default,Orange Is the New Black,24.61,3,8378c899988905ee
799,Default,One for the Money (Stephanie Plum #1),32.87,3,3250650a5c4e6f07
800,Nonfiction,Notes from a Small Island (Notes From a Small Island #1),40.17,3,cb65e49993db9a93
801,Nonfiction,Night (The Night Trilogy #1),13.51,3,c4d9fce9eff3b8ba
802,Travel,Neither Here nor There: Travels in Europe,38.95,3,747cf7fca2ccdbd4
803,Humor,Naked,31.69,3,54aeeb4610d3ae08
804,Default,Morning Star (Red Rising #3),29.40,3,7ce5a92baabb6bc0
805,Nonfiction,"Miracles from Heaven: A Little Girl, Her Journey to Heaven, and Her Amazing Story of Healing",57.83,3,7980fa06f2b704d8
806,Fantasy,Midnight Riot (Peter Grant/ Rivers of London - books #1),55.46,3,e9056f9b5a40a301
807,Autobiography,Me Talk Pretty One Day,57.60,3,abc4a7ee16c21088
808,Add a comment,Manuscript Found in Accra,34.98,3,546da23278482b0a
809,Autobiography,Lust & Wonder,11.87,3,0dcadb06206abd3c
810,Fiction,Lila (Gilead #3),12.47,3,4ef75307fb64e2ad
811,Science Fiction,"Life, the Universe and Everything (Hitchhiker's Guide to the Galaxy #3)",33.26,3,4b3f4f151c99f472
812,Autobiography,Life Without a Recipe,59.04,3,c53d9fefcda371e9
813,Default,Life After Life,26.13,3,4ec53ff7e2263f32
814,Nonfiction,Letter to a Christian Nation,22.20,3,1de75f05d57bfc10
815,Nonfiction,Let's Pretend This Never Happened: A Mostly True Memoir,45.11,3,1246e4ffeb5ac4ea
816,Young Adult,Legend (Legend #1),43.69,3,0ce8075fab4a2b5b
817,Default,"Lean In: Women, Work, and the Will to Lead",25.02,3,d5e1a9bfe22bbf9f
818,Humor,"Lamb: The Gospel According to Biff, Christ's Childhood Pal",55.50,3,190fbebbf798c31a
819,Young Adult,Lady Renegades (Rebel Belle #3),53.04,3,16e843e6b853cc2f
820,Fiction,Jurassic Park (Jurassic Park #1),44.97,3,a0dd11f6abc421ec
821,Nonfiction,It's Never Too Late to Begin Again: Discovering Creativity and Meaning at Midlife and Beyond,42.38,3,d4a29356fc992879
822,Default,Is Everyone Hanging Out Without Me? (And Other Concerns),20.11,3,034829ffdd0a0aea
823,Nonfiction,Into the Wild,56.70,3,a7c3f1010d64799a
824,Fiction,Inferno (Robert Langdon #4),41.00,3,6c4646d90b60a56c
825,Nonfiction,"In the Garden of Beasts: Love, Terror, and an American Family in Hitler's Berlin",28.85,3,d8292cd5f1aca291
826,Christian Fiction,If I Run (If I Run #1),49.97,3,61569d12d4ae7161
827,Womens Fiction,I've Got Your Number,19.69,3,6b32b561dab8036c
828,Nonfiction,I Am Malala: The Girl Who Stood Up for Education and Was Shot by the Taliban,28.88,3,8010c7c148057fd3
829,Food and Drink,Hungry Girl Clean & Hungry: Easy All-Natural Recipes for Healthy Eating in the Real World,33.14,3,6c4d17a46cac8787
830,History,"House of Lost Worlds: Dinosaurs, Dynasties, and the Story of Life on Earth",43.70,3,1812b8f5641287e3
831,Horror,House of Leaves,54.89,3,557c03c284be1bf2
832,Childrens,Horrible Bear!,37.52,3,cc1ac978a6835ef6
833,Humor,Holidays on Ice,51.07,3,0cb4856be3694a57
834,Fantasy,Heir to the Sky,44.07,3,b003f8bb02f76dc5
835,Childrens,Green Eggs and Ham (Beginner Books B-16),10.79,3,621e2c310cec8d32
836,Sequential Art,"Grayson, Vol 3: Nemesis (Grayson #3)",42.72,3,4f6985aca357ae09
837,Nonfiction,Gratitude,26.66,3,c300cc9326592b65
838,Default,Gone Girl,37.60,3,d5c588b6f9c015e4
839,Young Adult,Golden (Heart of Dread #3),42.21,3,984b3b6e7479b571
840,Historical Fiction,Girl in the Blue Coat,46.83,3,41fc5dce044f16f5
841,Sequential Art,"Fruits Basket, Vol. 3 (Fruits Basket #3)",45.17,3,d5f5a122a593b580
842,Sports and Games,"Friday Night Lights: A Town, a Team, and a Dream",51.22,3,a9aa3ed5b316470b
843,Add a comment,Fire Bound (Sea Haven/Sisters of the Heart #5),21.28,3,2ed3a794a70aa85f
844,Adult Fiction,Fifty Shades Freed (Fifty Shades #3),15.36,3,ed813a848580ba50
845,Default,Fellside,38.62,3,147019cae600694e
846,Mystery,Extreme Prey (Lucas Davenport #26),25.40,3,588ba85ff11a3263
847,Fantasy,Eragon (The Inheritance Cycle #1),43.87,3,b843f52a986a2914
848,Default,Eclipse (Twilight #3),18.74,3,73f71f9556442117
849,Science Fiction,Dune (Dune #1),54.86,3,36d5884d44484277
850,Default,Dracula,52.62,3,a7ec599c1a547746
851,Science Fiction,Do Androids Dream of Electric Sheep? (Blade Runner #1),51.48,3,98330e431e56a9ea
852,Nonfiction,Disrupted: My Misadventure in the Start-Up Bubble,15.28,3,81372abc86f65c79
853,Default,Dead Wake: The Last Crossing of the Lusitania,39.24,3,04d858cdeeee0da4
854,Default,"David and Goliath: Underdogs, Misfits, and the Art of Battling Giants",17.81,3,d234ddecef49ef4e
855,Fantasy,Darkfever (Fever #1),56.02,3,468bd274ac084bb9
856,Default,Dark Places,23.90,3,66937c669c4da072
857,Fiction,Crazy Rich Asians (Crazy Rich Asians #1),49.13,3,c9782ad2a0ed9331
858,Childrens,Counting Thyme,10.62,3,157f693d9e600ccc
859,Add a comment,Cosmos,36.17,3,dbe33cf29ef1623d
860,Psychology,Civilization and Its Discontents,59.95,3,396385e3de5d18c3
861,Young Adult,Cinder (The Lunar Chronicles #1),26.09,3,7e9579921e5407cb
862,Parenting,Catastrophic Happiness: Finding Joy in Childhood's Messy Years,37.35,3,ef49db2aaa9bb547
863,Mystery,Career of Evil (Cormoran Strike #3),24.72,3,b461cf238506c5b8
864,Default,Breaking Dawn (Twilight #4),35.28,3,bbfc4a3b7b6c94a0
865,Nonfiction,Brave Enough,51.32,3,fd2337c1b73b686e
866,Young Adult,Boy Meets Boy,21.12,3,8e0bc2fe4e7d35b5
867,Nonfiction,"Born to Run: A Hidden Tribe, Superathletes, and the Greatest Race the World Has Never Seen",27.35,3,e256de8aa0c2115f
868,Nonfiction,Blink: The Power of Thinking Without Thinking,21.74,3,0bbc48294707ba96
869,Nonfiction,Black Flags: The Rise of ISIS,40.87,3,860318b8e244f39c
870,Sequential Art,"Black Butler, Vol. 1 (Black Butler #1)",49.31,3,15f415d436888b2d
871,Fiction,Big Little Lies,22.11,3,d3f9c4539c0caa64
872,Historical Fiction,Between Shades of Gray,20.79,3,155e42df837ee5ff
873,Romance,Best of My Love (Fool's Gold #20),27.41,3,67dea6c75d6a1075
874,Classics,Beowulf,38.35,3,3fb69f34e178d494
875,Default,Beautiful Creatures (Caster Chronicles #1),21.55,3,5439bae708bca198
876,Sequential Art,Awkward,38.02,3,1d89a2aa9f6ce50f
877,Fantasy,Ash,22.06,3,5d22e2a46604b6e7
878,Childrens,Are We There Yet?,10.66,3,ef9c4f2465513956
879,Nonfiction,Are We Smart Enough to Know How Smart Animals Are?,56.58,3,da0349a87c8caa2f
880,Young Adult,Annie on My Mind,36.83,3,7bf87402413c27ff
881,Classics,And Then There Were None,35.01,3,cfe350b20d23b02b
882,Nonfiction,A Walk in the Woods: Rediscovering America on the Appalachian Trail,30.48,3,bcee4f289ff6699c
883,Default,A Visit from the Goon Squad,14.08,3,5dbd6ec4e154ad2f
884,Fantasy,A Storm of Swords (A Song of Ice and Fire #3),31.22,3,87beabf664115d79
885,Autobiography,A Heartbreaking Work of Staggering Genius,54.29,3,c9770bb1d5a492a0
886,Psychology,8 Keys to Mental Health Through Exercise,31.04,3,f5873c8fc7760000
887,Add a comment,#GIRLBOSS,50.96,3,165affa7adb5eded
888,Nonfiction,"The Suffragettes (Little Black Classics, #96)",11.89,2,d2185b65af52d68c
889,Add a comment,The Sense of an Ending,31.38,2,4130678275eb7c8c
890,Sequential Art,"The Sandman, Vol. 2: The Doll's House (The Sandman (volumes) #2)",54.81,2,276dc716b1da8899
891,Fiction,The Course of Love,16.78,2,f3c76b53b239f511
892,Sports and Games,Sugar Rush (Offensive Line #2),24.42,2,ce42e3de94226b2b
893,Sequential Art,"Saga, Volume 2 (Saga (Collected Editions) #2)",11.75,2,9189fd009df41d0e
894,Philosophy,"Run, Spot, Run: The Ethics of Keeping Pets",20.02,2,b0e479be03911916
895,Young Adult,New Moon (Twilight #2),12.86,2,6fa3ea52c8e31e06
896,Music,Life,31.58,2,637e5a45062aa548
897,Nonfiction,Kindle Paperwhite User's Guide,34.00,2,fb495f9f9015a772
898,Nonfiction,H is for Hawk,57.42,2,b6d3f4f4ee1f6069
899,Young Adult,Girl Online On Tour (Girl Online #2),53.47,2,97b8f130d32e9f4e
900,Sequential Art,"Fruits Basket, Vol. 2 (Fruits Basket #2)",11.64,2,c0db71f6bb14db11
901,Childrens,Diary of a Minecraft Zombie Book 1: A Scare of a Dare (An Unofficial Minecraft Book),52.88,2,d7b463918d3b8c39
902,Sequential Art,"Y: The Last Man, Vol. 1: Unmanned (Y: The Last Man #1)",18.51,1,09d26b5f819c6a36
903,Historical Fiction,While You Were Mine,41.32,1,8ceb5c6aed2c5f8b
904,Romance,Where Lightning Strikes (Bleeding Stars #3),39.77,1,def389ddfda6991b
905,Fiction,When I'm Gone,51.96,1,c5f91eb481427dc5
906,Art,Ways of Seeing,39.51,1,66a4e422b212726a
907,Paranormal,"Vampire Knight, Vol. 1 (Vampire Knight #1)",15.40,1,e7e87087b1a44711
908,Fantasy,Vampire Girl (Vampire Girl #1),53.82,1,dab5e75d1339706a
909,Poetry,Twenty Love Poems and a Song of Despair,30.95,1,e63c3f25338baf9a
910,Nonfiction,Travels with Charley: In Search of America,57.82,1,0268f149d014b389
911,Science Fiction,Three Wishes (River of Time: California #1),44.18,1,460f97a346b44bac
912,Romance,This One Moment (Pushing Limits #1),48.71,1,d6d98d3508c30f57
913,Default,The Zombie Room,19.69,1,9c96cd1329fbd82d
914,Sequential Art,"The Wicked + The Divine, Vol. 1: The Faust Act (The Wicked + The Divine)",36.52,1,dac9d1e654fac737
915,Nonfiction,The Tumor,41.56,1,6514add13c82b115
916,Classics,The Story of Hong Gildong,43.19,1,32d035df92ab9080
917,Fiction,The Silent Wife,12.34,1,b78deb463531d078
918,Fantasy,The Silent Twin (Detective Jennifer Knight #3),36.25,1,9e9932ae1a7d0943
919,Science,The Selfish Gene,29.45,1,6f2c0a9adbb2bca9
920,Historical Fiction,The Secret Healer,34.56,1,38f776ab9118aed7
921,Sequential Art,"The Sandman, Vol. 1: Preludes and Nocturnes (The Sandman (volumes) #1)",54.12,1,5faefdc861684eb1
922,Add a comment,The Republic,33.78,1,0ec9d2b018fb10d8
923,Add a comment,The Odyssey,29.64,1,f0512adadffd2480
924,Mystery,The No. 1 Ladies' Detective Agency (No. 1 Ladies' Detective Agency #1),57.70,1,b0913e67d38d5ed5
925,Philosophy,The Nicomachean Ethics,36.34,1,5c10b64db3e4f228
926,Default,The Name of the Wind (The Kingkiller Chronicle #1),50.59,1,c8614adb1a90b027
927,Fantasy,The Mirror & the Maze (The Wrath and the Dawn #1.5),29.38,1,c40b70e0f6d80189
928,Classics,The Little Prince,45.42,1,1aeca7d078d57deb
929,Add a comment,The Light of the Fireflies,54.43,1,04e43893e32f9d29
930,Science Fiction,The Last Girl (The Dominion Trilogy #1),36.26,1,16c71736dae78764
931,Add a comment,The Iliad,16.16,1,86d8bd7afa5b51b3
932,New Adult,The Hook Up (Game On #1),36.29,1,6e473eff459e809f
933,Young Adult,The Haters,27.89,1,fff8a057a40c4a60
934,Mystery,The Girl You Lost,12.29,1,4280ac3eab57aa5d
935,Mystery,The Girl In The Ice (DCI Erika Foster #1),15.85,1,ee61197edb882599
936,Nonfiction,The End of the Jesus Era (An Investigation #1),14.40,1,09659d1639a1f978
937,Womens Fiction,The Edge of Reason (Bridget Jones #2),19.18,1,29fc016c459aeb14
938,Sequential Art,The Complete Maus (Maus #1-2),10.64,1,3301af038a720587
939,Add a comment,The Communist Manifesto,14.76,1,18b4545a5ed15581
940,Religion,The Bhagavad Gita,57.49,1,f3a0b8c835129558
941,Fiction,The Bette Davis Club,30.66,1,dfb0849016bc122c
942,Young Adult,The Art of Not Breathing,40.83,1,5bc1fbccfbf2355c
943,Default,Taking Shots (Assassins #1),18.88,1,a7eef9d6795422c1
944,Historical Fiction,Starlark,25.83,1,e25164e5b3fe208b
945,Sequential Art,"Skip Beat!, Vol. 01 (Skip Beat! #1)",42.12,1,2ac720f76384c57e
946,Fantasy,Sister Sable (The Mad Queen #1),13.33,1,3a9a7c5895e82646
947,Default,Shatter Me (Shatter Me #1),42.40,1,9ed7090d8fa690b0
948,New Adult,Shameless,58.35,1,c068c013d6921fea
949,Fantasy,Shadow Rites (Jane Yellowrock #10),21.72,1,229cd6564bf0dce4
950,Sports and Games,Settling the Score (The Summer Games #1),44.91,1,132adf7335bb384a
951,Classics,Sense and Sensibility,37.46,1,35e44170702139a4
952,Sequential Art,"Saga, Volume 1 (Saga (Collected Editions) #1)",28.48,1,4f64568dfefa3ce7
953,Romance,"Rhythm, Chord & Malykhin",28.34,1,9efb397067eb7e8a
954,Sequential Art,"Rat Queens, Vol. 1: Sass & Sorcery (Rat Queens (Collected Editions) #1-5)",46.96,1,3cdca3b4a93980f5
955,Default,Paradise Lost (Paradise #1),24.96,1,849db7ab7f4a640c
956,Sequential Art,"Paper Girls, Vol. 1 (Paper Girls #1-5)",21.71,1,bcbcbcf0f6ed196f
957,Sequential Art,"Ouran High School Host Club, Vol. 1 (Ouran High School Host Club #1)",29.87,1,326825e02a198cf6
958,Fantasy,Origins (Alphas 0.5),28.99,1,8932e5c12f12ffed
959,Fantasy,One Second (Seven #7),52.94,1,7ea31f38675b91c1
960,Default,On the Road (Duluoz Legend),32.36,1,9ff997ab15713e53
961,Music,Old Records Never Die: One Man's Quest for His Vinyl and His Past,55.66,1,a1985630339f4b3d
962,New Adult,Off Sides (Off #1),39.45,1,b6f1cfadc4dd79d4
963,Classics,Of Mice and Men,47.11,1,39592d9d72e717c4
964,Fantasy,Myriad (Prentor #1),58.75,1,63e20a0f98218a87
965,Romance,My Perfect Mistake (Over the Top #1),38.92,1,fd78f89878479f56
966,Sequential Art,"Ms. Marvel, Vol. 1: No Normal (Ms. Marvel (2014-2015) #1)",39.39,1,35a60467893aa168
967,Philosophy,Meditations,25.89,1,4f19709e47883df5
968,Childrens,Matilda,28.34,1,1053fb7ee17a1f33
969,Historical Fiction,Lost Among the Living,27.70,1,d510567580c8be52
970,Add a comment,Lord of the Flies,24.89,1,71a6471bbdac21d9
971,Romance,Listen to Me (Fusion #1),58.99,1,6e712ea24e77bd96
972,Fiction,Kitchens of the Great Midwest,57.20,1,06f6a57a6d532844
973,Default,Jane Eyre,38.43,1,8d390a1fc3133d06
974,Romance,Imperfect Harmony,34.74,1,f28f7299d38c0932
975,Sports and Games,Icing (Aces Hockey #2),40.44,1,3455b45888fb5053
976,Sequential Art,"Hawkeye, Vol. 1: My Life as a Weapon (Hawkeye #1)",45.24,1,6fe02600f322a0a9
977,Science Fiction,Having the Barbarian's Baby (Ice Planet Barbarians #7.5),34.96,1,6717a70913b3db79
978,Sequential Art,"Giant Days, Vol. 1 (Giant Days #1-4)",56.76,1,eb0fe24bbc845ecc
979,Sequential Art,"Fruits Basket, Vol. 1 (Fruits Basket #1)",40.28,1,72e6fbf4f6382557
980,Default,Frankenstein,38.00,1,a492f49a3e2b6a71
981,Music,Forever Rockers (The Rocker #12),28.80,1,e564c3f1a93ccf2e
982,Romance,Fighting Fate (Fighting #6),39.24,1,6390772a3094939d
983,Classics,Emma,32.93,1,2e69730561ed70ad
984,Nonfiction,"Eat, Pray, Love",51.32,1,df56868afd166557
985,Romance,Deep Under (Walker Security #1),47.09,1,0072b94dfa30608e
986,Religion,Choosing Our Religion: The Spiritual Lives of America's Nones,28.42,1,a812f6969ddf3e39
987,Childrens,Charlie and the Chocolate Factory (Charlie Bucket #1),22.85,1,1774749f2cee292f
988,Romance,Charity's Cross (Charles Towne Belles #4),41.24,1,a96404cb928895f3
989,Fiction,Bright Lines,39.07,1,230ac636ea0ea415
990,Womens Fiction,Bridget Jones's Diary (Bridget Jones #1),29.82,1,a2b4b685dfa94733
991,Romance,Bounty (Colorado Mountain #7),37.26,1,abc0b15f2c907ff0
992,Mystery,Blood Defense (Samantha Brinkman #1),20.30,1,95cdfd514098c38b
993,Sequential Art,"Bleach, Vol. 1: Strawberry and the Soul Reapers (Bleach #1)",34.65,1,099fae4a0705d63b
994,Philosophy,Beyond Good and Evil,43.38,1,08672cd59171d5e4
995,Classics,Alice in Wonderland (Alice's Adventures in Wonderland #1),55.53,1,cd2a2a70dd5d176d
996,Sequential Art,"Ajin: Demi-Human, Volume 1 (Ajin: Demi-Human #1)",57.06,1,bfd5e1701c862ac3
997,Historical Fiction,A Spy's Devotion (The Regency Spies of London #1),16.97,1,19fec36a1dfb4c16
998,Mystery,1st to Die (Women's Murder Club #1),53.98,1,f684a82adc49f011
999,Travel,"1,000 Places to See Before You Die",26.08,1,228ba5e7577e1d49
